Replace INTO `creature_names` (`entry`, `name`, `subname`, `info_str`, `Flags1`, `type`, `male_displayid`) VALUES 
(2, 'fun fun fun vendor', 'Interesting Supplies', '', 0, 7, 4162);
Replace INTO `creature_proto` (`entry`, `minlevel`, `maxlevel`, `faction`, `minhealth`, `maxhealth`, `mana`, `scale`, `npcflags`, `attacktime`, `attacktype`, `mindamage`, `maxdamage`, `rangedattacktime`, `rangedmindamage`, `rangedmaxdamage`, `respawntime`, `armor`, `resistance1`, `resistance2`, `resistance3`, `resistance4`, `resistance5`, `resistance6`, `combat_reach`, `bounding_radius`, `auras`, `boss`, `money`, `invisibility_type`, `death_state`, `walk_speed`, `run_speed`, `fly_speed`, `extra_a9_flags`) VALUES 
(2, 1, 1, 35, 1042, 1042, 0, 1, 3, 1790, 0, 25, 36, 1969, 34.6544, 47.6498, 360000, 932, 0, 0, 0, 0, 0, 0, 1.5, 1, '0', 0, 0, 0, 0, 2.5, 8, 14, 0);

UPDATE creature_proto SET scale= 2 WHERE entry=2;

#add nctoken to vendor
UPDATE creature_proto SET npcflags = 1 + 2 + 128 WHERE entry=2;
replace INTO vendors (entry, item, amount, max_amount, inctime) VALUES (2, 5, 1, -1, 0);
update items set buyprice=50000000 where entry=5

INSERT INTO `creature_spawns` (`id`, `entry`, `map`, `position_x`, `position_y`, `position_z`, `orientation`, `movetype`, `displayid`, `faction`, `flags`, `bytes`, `bytes2`, `emote_state`, `npc_respawn_link`, `channel_spell`, `channel_target_sqlid`, `channel_target_sqlid_creature`, `standstate`) VALUES 
(304910, 2, 1, 1549.57, -4415.27, 9.16296, 3.05913, 0, 7074, 69, 0, 0, 0, 0, 0, 0, 0, 0, 0),
(304911, 2, 1, -1246.6, 77.1523, 128.473, 2.25093, 0, 7074, 69, 0, 0, 0, 0, 0, 0, 0, 0, 0),
(304912, 2, 530, 9516.94, -7294.37, 14.4172, 2.77167, 0, 7074, 69, 0, 0, 0, 0, 0, 0, 0, 0, 0),
(304913, 2, 0, 1586.87, 247.6, -52.1508, 2.25723, 0, 7074, 69, 0, 0, 0, 0, 0, 0, 0, 0, 0),
(304914, 2, 0, -8823.07, 628.14, 93.8609, 3.79348, 0, 7074, 69, 0, 0, 0, 0, 0, 0, 0, 0, 0),
(304915, 2, 0, -4785.88, -1119.89, 498.808, 4.20423, 0, 7074, 69, 0, 0, 0, 0, 0, 0, 0, 0, 0),
(304916, 2, 1, 9925.9, 2507.72, 1318.26, 4.13826, 0, 7074, 69, 0, 0, 0, 0, 0, 0, 0, 0, 0),
(304917, 2, 530, -3821.77, -11693.7, -107.063, 4.11472, 0, 7074, 69, 0, 0, 0, 0, 0, 0, 0, 0, 0);

INSERT INTO `creature_quest_starter` (`id`, `quest`) VALUES
(2, 60000),
(2, 60001),
(2, 60002);
INSERT INTO `creature_quest_finisher` (`id`, `quest`) VALUES
(2, 60000),
(2, 60001),
(2, 60002);

#INSERT INTO `quests` (`entry`, `ZoneId`, `sort`, `flags`, `MinLevel`, `questlevel`, `Type`, `RequiredRaces`, `RequiredClass`, `RequiredTradeskill`, `RequiredTradeskillValue`, `RequiredRepFaction`, `RequiredRepValue`, `LimitTime`, `SpecialFlags`, `PrevQuestId`, `NextQuestId`, `srcItem`, `SrcItemCount`, `Title`, `Details`, `Objectives`, `CompletionText`, `IncompleteText`, `EndText`, `ObjectiveText1`, `ObjectiveText2`, `ObjectiveText3`, `ObjectiveText4`, `ReqItemId1`, `ReqItemId2`, `ReqItemId3`, `ReqItemId4`, `ReqItemCount1`, `ReqItemCount2`, `ReqItemCount3`, `ReqItemCount4`, `ReqKillMobOrGOId1`, `ReqKillMobOrGOId2`, `ReqKillMobOrGOId3`, `ReqKillMobOrGOId4`, `ReqKillMobOrGOCount1`, `ReqKillMobOrGOCount2`, `ReqKillMobOrGOCount3`, `ReqKillMobOrGOCount4`, `ReqCastSpellId1`, `ReqCastSpellId2`, `ReqCastSpellId3`, `ReqCastSpellId4`, `RewChoiceItemId1`, `RewChoiceItemId2`, `RewChoiceItemId3`, `RewChoiceItemId4`, `RewChoiceItemId5`, `RewChoiceItemId6`, `RewChoiceItemCount1`, `RewChoiceItemCount2`, `RewChoiceItemCount3`, `RewChoiceItemCount4`, `RewChoiceItemCount5`, `RewChoiceItemCount6`, `RewItemId1`, `RewItemId2`, `RewItemId3`, `RewItemId4`, `RewItemCount1`, `RewItemCount2`, `RewItemCount3`, `RewItemCount4`, `RewRepFaction1`, `RewRepFaction2`, `RewRepFaction3`, `RewRepFaction4`, `RewRepFaction5`, `RewRepFaction6`, `RewRepValue1`, `RewRepValue2`, `RewRepValue3`, `RewRepValue4`, `RewRepValue5`, `RewRepValue6`, `RewRepLimit`, `RewMoney`, `RewXP`, `RewSpell`, `CastSpell`, `PointMapId`, `PointX`, `PointY`, `PointOpt`, `RewardMoneyAtMaxLevel`, `ExploreTrigger1`, `ExploreTrigger2`, `ExploreTrigger3`, `ExploreTrigger4`, `RequiredQuest1`, `RequiredQuest2`, `RequiredQuest3`, `RequiredQuest4`, `ReceiveItemId1`, `ReceiveItemId2`, `ReceiveItemId3`, `ReceiveItemId4`, `ReceiveItemCount1`, `ReceiveItemCount2`, `ReceiveItemCount3`, `ReceiveItemCount4`, `IsRepeatable`) VALUES
#(60000, 3520, 0, 1, 1, 80, 0, 0, 0, 0, 0, 0, 0, 0, 1, 0, 0, 0, 0, 'Interesting Supplies#1', 'Welcome to NCWoW. Please vote on www.wowbeez.com to recive NCTockens.$B', 'Please vote on www.wowbeez.com to recive NCTockens.', 'Please vote on www.wowbeez.com to recive NCTockens.', '', 'Please vote on www.wowbeez.com to recive NCTockens.', '', '', '', '', 5, 0, 0, 0, 5, 0, 0, 0, 0, 0, 0, 0, 0, 0, 0, 0, 0, 0, 0, 0, 1450, 35519, 35517, 24228, 13642, 0, 20, 20, 20, 20, 20, 20, 0, 0, 0, 0, 0, 0, 0, 0, 0, 0, 0, 0, 0, 0, 0, 0, 0, 0, 0, 0, 0, 1000000, 0, 0, 0, 0, 0, 0, 0, 0, 0, 0, 0, 0, 0, 0, 0, 0, 0, 0, 0, 0, 0, 0, 0, 0, 1),
#(60001, 3520, 0, 1, 1, 80, 0, 0, 0, 0, 0, 0, 0, 0, 1, 0, 0, 0, 0, 'Interesting Supplies#2', 'Welcome to NCWoW. Please vote on www.wowbeez.com to recive NCTockens.$B', 'Please vote on www.wowbeez.com to recive NCTockens.', 'Please vote on www.wowbeez.com to recive NCTockens.', '', 'Please vote on www.wowbeez.com to recive NCTockens.', '', '', '', '', 5, 0, 0, 0, 5, 0, 0, 0, 0, 0, 0, 0, 0, 0, 0, 0, 0, 0, 0, 0, 24229, 836, 0, 1356, 2638, 22765, 20, 20, 2, 20, 20, 2, 0, 0, 0, 0, 0, 0, 0, 0, 0, 0, 0, 0, 0, 0, 0, 0, 0, 0, 0, 0, 0, 1000000, 0, 0, 0, 0, 0, 0, 0, 0, 0, 0, 0, 0, 0, 0, 0, 0, 0, 0, 0, 0, 0, 0, 0, 0, 1),
#(60002, 3520, 0, 1, 1, 80, 0, 0, 0, 0, 0, 0, 0, 0, 1, 0, 0, 0, 0, 'Interesting Supplies#3', 'Welcome to NCWoW. Please vote on www.wowbeez.com to recive NCTockens.$B', 'Please vote on www.wowbeez.com to recive NCTockens.', 'Please vote on www.wowbeez.com to recive NCTockens.', '', 'Please vote on www.wowbeez.com to recive NCTockens.', '', '', '', '', 5, 0, 0, 0, 5, 0, 0, 0, 0, 0, 0, 0, 0, 0, 0, 0, 0, 0, 0, 0, 23227, 27419, 951, 3512, 34103, 35521, 20, 20, 20, 20, 20, 4, 0, 0, 0, 0, 0, 0, 0, 0, 0, 0, 0, 0, 0, 0, 0, 0, 0, 0, 0, 0, 0, 1000000, 0, 0, 0, 0, 0, 0, 0, 0, 0, 0, 0, 0, 0, 0, 0, 0, 0, 0, 0, 0, 0, 0, 0, 0, 1);
replace INTO `quests` (`entry`, `flags`, `SpecialFlags`, `Title`, `Details`, `Objectives`, `CompletionText`, `IncompleteText`, `EndText`, `ObjectiveText1`, `ObjectiveText2`, `ObjectiveText3`, `ObjectiveText4`, `ReqItemId1`, `ReqItemId2`, `ReqItemId3`, `ReqItemId4`, `ReqItemCount1`, `ReqItemCount2`, `ReqItemCount3`, `ReqItemCount4`, `ReqKillMobOrGOId1`, `ReqKillMobOrGOId2`, `ReqKillMobOrGOId3`, `ReqKillMobOrGOId4`, `ReqKillMobOrGOCount1`, `ReqKillMobOrGOCount2`, `ReqKillMobOrGOCount3`, `ReqKillMobOrGOCount4`, `ReqCastSpellId1`, `ReqCastSpellId2`, `ReqCastSpellId3`, `ReqCastSpellId4`, `RewChoiceItemId1`, `RewChoiceItemId2`, `RewChoiceItemId3`, `RewChoiceItemId4`, `RewChoiceItemId5`, `RewChoiceItemId6`, `RewChoiceItemCount1`, `RewChoiceItemCount2`, `RewChoiceItemCount3`, `RewChoiceItemCount4`, `RewChoiceItemCount5`, `RewChoiceItemCount6`, `IsRepeatable`) VALUES
(60000, 1, 1, 'Interesting Supplies#1', 'Welcome to NCWoW. Please vote on www.wowbeez.com to recive NCTockens.$B', 'Please vote on www.wowbeez.com to recive NCTockens.', 'Please vote on www.wowbeez.com to recive NCTockens.', '', 'Please vote on www.wowbeez.com to recive NCTockens.', '', '', '', '', 5, 0, 0, 0, 5, 0, 0, 0, 0, 0, 0, 0, 0, 0, 0, 0, 0, 0, 0, 0, 1356, 35519, 35517, 24228, 29188, 2638, 20, 20, 20, 20, 20, 20, 1),
(60001, 1, 1, 'Interesting Supplies#2', 'Welcome to NCWoW. Please vote on www.wowbeez.com to recive NCTockens.$B', 'Please vote on www.wowbeez.com to recive NCTockens.', 'Please vote on www.wowbeez.com to recive NCTockens.', '', 'Please vote on www.wowbeez.com to recive NCTockens.', '', '', '', '', 5, 0, 0, 0, 5, 0, 0, 0, 0, 0, 0, 0, 0, 0, 0, 0, 0, 0, 0, 0, 24229, 0, 0, 0, 0, 0, 20, 20, 2, 20, 20, 2, 1),
(60002, 1, 1, 'Interesting Supplies#3', 'Welcome to NCWoW. Please vote on www.wowbeez.com to recive NCTockens.$B', 'Please vote on www.wowbeez.com to recive NCTockens.', 'Please vote on www.wowbeez.com to recive NCTockens.', '', 'Please vote on www.wowbeez.com to recive NCTockens.', '', '', '', '', 5, 0, 0, 0, 5, 0, 0, 0, 0, 0, 0, 0, 0, 0, 0, 0, 0, 0, 0, 0, 23227, 27419, 951, 3512, 34103, 35521, 20, 20, 20, 20, 20, 4, 1);

#horadric cube
replace INTO vendors (entry, item, amount, max_amount, inctime) VALUES (2, 13642, 1, -1, 0);
#disco ball
replace INTO vendors (entry, item, amount, max_amount, inctime) VALUES (2, 24228, 1, -1, 0);
#nuclear waste mutaion
replace INTO vendors (entry, item, amount, max_amount, inctime) VALUES (2, 24229, 1, -1, 0);
#mule dope
replace INTO vendors (entry, item, amount, max_amount, inctime) VALUES (2, 22765, 1, -1, 0);
#pimp my ride
replace INTO vendors (entry, item, amount, max_amount, inctime) VALUES (2, 29188, 1, -1, 0);
#pet shop 
replace INTO vendors (entry, item, amount, max_amount, inctime) VALUES (2, 23227, 1, -1, 0);
#mirror world
replace INTO vendors (entry, item, amount, max_amount, inctime) VALUES (2, 34103, 1, -1, 0);
#bad day
replace INTO vendors (entry, item, amount, max_amount, inctime) VALUES (2, 34104, 1, -1, 0);
#blessed dumbness
replace INTO vendors (entry, item, amount, max_amount, inctime) VALUES (2, 1356, 1, -1, 0);
#geekness proof
replace INTO vendors (entry, item, amount, max_amount, inctime) VALUES (2, 2638, 1, -1, 0);
#Tag, you're it
replace INTO vendors (entry, item, amount, max_amount, inctime) VALUES (2, 27419, 1, -1, 0);
#Blue coffe
replace INTO vendors (entry, item, amount, max_amount, inctime) VALUES (2, 951, 1, -1, 0);
#Beam me Scotty
replace INTO vendors (entry, item, amount, max_amount, inctime) VALUES (2, 3512, 1, -1, 0);
#Server Colonizer
replace INTO vendors (entry, item, amount, max_amount, inctime) VALUES (2, 27421, 1, -1, 0);
#Mr fix it
replace INTO vendors (entry, item, amount, max_amount, inctime) VALUES (2, 35517, 1, -1, 0);
#Second Hand Omnigel 
replace INTO vendors (entry, item, amount, max_amount, inctime) VALUES (2, 35519, 1, -1, 0);
#Onion flawored nuclear fart
replace INTO vendors (entry, item, amount, max_amount, inctime) VALUES (2, 836, 1, -1, 0);
#Fat rich junk food 
replace INTO vendors (entry, item, amount, max_amount, inctime) VALUES (2, 1450, 1, -1, 0);
#Universal Translator 
replace INTO vendors (entry, item, amount, max_amount, inctime) VALUES (2, 35520, 1, -1, 0);
#Healbot 
replace INTO vendors (entry, item, amount, max_amount, inctime) VALUES (2, 35521, 1, -1, 0);

#horadric cube
replace INTO items (`entry`,`class`,`subclass`,`field4`,`name1`,`name2`,`name3`,`name4`,`displayid`,`quality`,`flags`,`buyprice`,`sellprice`,`inventorytype`,`allowableclass`,`allowablerace`,`itemlevel`,`requiredlevel`,`RequiredSkill`,`RequiredSkillRank`,`RequiredPlayerRank1`,`RequiredPlayerRank2`,`RequiredFaction`,`RequiredFactionStanding`,`Unique`,`maxcount`,`ContainerSlots`,`stat_type1`,`stat_value1`,`stat_type2`,`stat_value2`,`stat_type3`,`stat_value3`,`stat_type4`,`stat_value4`,`stat_type5`,`stat_value5`,`stat_type6`,`stat_value6`,`stat_type7`,`stat_value7`,`stat_type8`,`stat_value8`,`stat_type9`,`stat_value9`,`stat_type10`,`stat_value10`,`dmg_min1`,`dmg_max1`,`dmg_type1`,`dmg_min2`,`dmg_max2`,`dmg_type2`,`armor`,`holy_res`,`fire_res`,`nature_res`,`frost_res`,`shadow_res`,`arcane_res`,`delay`,`ammo_type`,`range`,`spellid_1`,`spelltrigger_1`,`spellcharges_1`,`spellcooldown_1`,`spellcategory_1`,`spellcategorycooldown_1`,`spellid_2`,`spelltrigger_2`,`spellcharges_2`,`spellcooldown_2`,`spellcategory_2`,`spellcategorycooldown_2`,`spellid_3`,`spelltrigger_3`,`spellcharges_3`,`spellcooldown_3`,`spellcategory_3`,`spellcategorycooldown_3`,`spellid_4`,`spelltrigger_4`,`spellcharges_4`,`spellcooldown_4`,`spellcategory_4`,`spellcategorycooldown_4`,`spellid_5`,`spelltrigger_5`,`spellcharges_5`,`spellcooldown_5`,`spellcategory_5`,`spellcategorycooldown_5`,`bonding`,`description`,`page_id`,`page_language`,`page_material`,`quest_id`,`lock_id`,`lock_material`,`sheathID`,`randomprop`,randomsuffix,`block`,`itemset`,`MaxDurability`,`ZoneNameID`,`mapid`,`bagfamily`,`TotemCategory`,`socket_color_1`,socket_content_1,`socket_color_2`,socket_content_2,`socket_color_3`,socket_content_3,`socket_bonus`,`GemProperties`,`ReqDisenchantSkill`,ArmorDamageModifier) VALUES ('13642','0','-1','-1','Horadric Cube','','','','9632','6','0','100000','0','0','-1','-1','0','0','0','0','0','0','0','0','0','500','0','0','0','0','0','0','0','0','0','0','0','0','0','0','0','0','0','0','0','0','0','0','0','0','0','0','0','0','0','0','0','0','0','0','0','0','0','41616','0','-1','0','0','0','0','0','0','0','0','0','0','0','0','0','0','0','0','0','0','0','0','0','0','0','0','0','0','0','1','|cffff00ffUse : Add or replace a random enchantment on item. Any item may be enchanted. Lasts 30 minutes.','0','0','0','0','0','0','0','0','0','0','0','0','0','','0','','0','0','0','0','0','0','0','','-1','0');

#disco ball
replace INTO items (`entry`,`class`,`subclass`,`field4`,`name1`,`name2`,`name3`,`name4`,`displayid`,`quality`,`flags`,`buyprice`,`sellprice`,`inventorytype`,`allowableclass`,`allowablerace`,`itemlevel`,`requiredlevel`,`RequiredSkill`,`RequiredSkillRank`,`RequiredPlayerRank1`,`RequiredPlayerRank2`,`RequiredFaction`,`RequiredFactionStanding`,`Unique`,`maxcount`,`ContainerSlots`,`stat_type1`,`stat_value1`,`stat_type2`,`stat_value2`,`stat_type3`,`stat_value3`,`stat_type4`,`stat_value4`,`stat_type5`,`stat_value5`,`stat_type6`,`stat_value6`,`stat_type7`,`stat_value7`,`stat_type8`,`stat_value8`,`stat_type9`,`stat_value9`,`stat_type10`,`stat_value10`,`dmg_min1`,`dmg_max1`,`dmg_type1`,`dmg_min2`,`dmg_max2`,`dmg_type2`,`armor`,`holy_res`,`fire_res`,`nature_res`,`frost_res`,`shadow_res`,`arcane_res`,`delay`,`ammo_type`,`range`,`spellid_1`,`spelltrigger_1`,`spellcharges_1`,`spellcooldown_1`,`spellcategory_1`,`spellcategorycooldown_1`,`spellid_2`,`spelltrigger_2`,`spellcharges_2`,`spellcooldown_2`,`spellcategory_2`,`spellcategorycooldown_2`,`spellid_3`,`spelltrigger_3`,`spellcharges_3`,`spellcooldown_3`,`spellcategory_3`,`spellcategorycooldown_3`,`spellid_4`,`spelltrigger_4`,`spellcharges_4`,`spellcooldown_4`,`spellcategory_4`,`spellcategorycooldown_4`,`spellid_5`,`spelltrigger_5`,`spellcharges_5`,`spellcooldown_5`,`spellcategory_5`,`spellcategorycooldown_5`,`bonding`,`description`,`page_id`,`page_language`,`page_material`,`quest_id`,`lock_id`,`lock_material`,`sheathID`,`randomprop`,randomsuffix,`block`,`itemset`,`MaxDurability`,`ZoneNameID`,`mapid`,`bagfamily`,`TotemCategory`,`socket_color_1`,socket_content_1,`socket_color_2`,socket_content_2,`socket_color_3`,socket_content_3,`socket_bonus`,`GemProperties`,`ReqDisenchantSkill`,ArmorDamageModifier) VALUES ('24228','0','-1','-1','Disco Ball','','','','634','6','0','100000','0','0','-1','-1','0','0','0','0','0','0','0','0','0','500','0','0','0','0','0','0','0','0','0','0','0','0','0','0','0','0','0','0','0','0','0','0','0','0','0','0','0','0','0','0','0','0','0','0','0','0','0','41616','0','-1','0','0','0','0','0','0','0','0','0','0','0','0','0','0','0','0','0','0','0','0','0','0','0','0','0','0','0','1','|cffff00ffUse : Nobody can resist a 70s disco ball. Add water to instant disco dance floor for your budys. They can crash the party anytime though.','0','0','0','0','0','0','0','0','0','0','0','0','0','','0','','0','0','0','0','0','0','0','','-1','0');

#nuclear waste mutaion
replace INTO items (`entry`,`class`,`subclass`,`field4`,`name1`,`name2`,`name3`,`name4`,`displayid`,`quality`,`flags`,`buyprice`,`sellprice`,`inventorytype`,`allowableclass`,`allowablerace`,`itemlevel`,`requiredlevel`,`RequiredSkill`,`RequiredSkillRank`,`RequiredPlayerRank1`,`RequiredPlayerRank2`,`RequiredFaction`,`RequiredFactionStanding`,`Unique`,`maxcount`,`ContainerSlots`,`stat_type1`,`stat_value1`,`stat_type2`,`stat_value2`,`stat_type3`,`stat_value3`,`stat_type4`,`stat_value4`,`stat_type5`,`stat_value5`,`stat_type6`,`stat_value6`,`stat_type7`,`stat_value7`,`stat_type8`,`stat_value8`,`stat_type9`,`stat_value9`,`stat_type10`,`stat_value10`,`dmg_min1`,`dmg_max1`,`dmg_type1`,`dmg_min2`,`dmg_max2`,`dmg_type2`,`armor`,`holy_res`,`fire_res`,`nature_res`,`frost_res`,`shadow_res`,`arcane_res`,`delay`,`ammo_type`,`range`,`spellid_1`,`spelltrigger_1`,`spellcharges_1`,`spellcooldown_1`,`spellcategory_1`,`spellcategorycooldown_1`,`spellid_2`,`spelltrigger_2`,`spellcharges_2`,`spellcooldown_2`,`spellcategory_2`,`spellcategorycooldown_2`,`spellid_3`,`spelltrigger_3`,`spellcharges_3`,`spellcooldown_3`,`spellcategory_3`,`spellcategorycooldown_3`,`spellid_4`,`spelltrigger_4`,`spellcharges_4`,`spellcooldown_4`,`spellcategory_4`,`spellcategorycooldown_4`,`spellid_5`,`spelltrigger_5`,`spellcharges_5`,`spellcooldown_5`,`spellcategory_5`,`spellcategorycooldown_5`,`bonding`,`description`,`page_id`,`page_language`,`page_material`,`quest_id`,`lock_id`,`lock_material`,`sheathID`,`randomprop`,randomsuffix,`block`,`itemset`,`MaxDurability`,`ZoneNameID`,`mapid`,`bagfamily`,`TotemCategory`,`socket_color_1`,socket_content_1,`socket_color_2`,socket_content_2,`socket_color_3`,socket_content_3,`socket_bonus`,`GemProperties`,`ReqDisenchantSkill`,ArmorDamageModifier) VALUES ('24229','0','-1','-1','Nuclear waste','','','','634','6','0','100000','0','0','-1','-1','0','0','0','0','0','0','0','0','0','500','0','0','0','0','0','0','0','0','0','0','0','0','0','0','0','0','0','0','0','0','0','0','0','0','0','0','0','0','0','0','0','0','0','0','0','0','0','41616','0','-1','0','0','0','0','0','0','0','0','0','0','0','0','0','0','0','0','0','0','0','0','0','0','0','0','0','0','0','1','|cffff00ffUse : Didn\'t your mother tell you not to eat any garbage ? This stuff could turn you into anything. Lasts 30 minutes.','0','0','0','0','0','0','0','0','0','0','0','0','0','','0','','0','0','0','0','0','0','0','','-1','0');

#mule dope
replace INTO items (`entry`,`class`,`subclass`,`field4`,`name1`,`name2`,`name3`,`name4`,`displayid`,`quality`,`flags`,`buyprice`,`sellprice`,`inventorytype`,`allowableclass`,`allowablerace`,`itemlevel`,`requiredlevel`,`RequiredSkill`,`RequiredSkillRank`,`RequiredPlayerRank1`,`RequiredPlayerRank2`,`RequiredFaction`,`RequiredFactionStanding`,`Unique`,`maxcount`,`ContainerSlots`,`stat_type1`,`stat_value1`,`stat_type2`,`stat_value2`,`stat_type3`,`stat_value3`,`stat_type4`,`stat_value4`,`stat_type5`,`stat_value5`,`stat_type6`,`stat_value6`,`stat_type7`,`stat_value7`,`stat_type8`,`stat_value8`,`stat_type9`,`stat_value9`,`stat_type10`,`stat_value10`,`dmg_min1`,`dmg_max1`,`dmg_type1`,`dmg_min2`,`dmg_max2`,`dmg_type2`,`armor`,`holy_res`,`fire_res`,`nature_res`,`frost_res`,`shadow_res`,`arcane_res`,`delay`,`ammo_type`,`range`,`spellid_1`,`spelltrigger_1`,`spellcharges_1`,`spellcooldown_1`,`spellcategory_1`,`spellcategorycooldown_1`,`spellid_2`,`spelltrigger_2`,`spellcharges_2`,`spellcooldown_2`,`spellcategory_2`,`spellcategorycooldown_2`,`spellid_3`,`spelltrigger_3`,`spellcharges_3`,`spellcooldown_3`,`spellcategory_3`,`spellcategorycooldown_3`,`spellid_4`,`spelltrigger_4`,`spellcharges_4`,`spellcooldown_4`,`spellcategory_4`,`spellcategorycooldown_4`,`spellid_5`,`spelltrigger_5`,`spellcharges_5`,`spellcooldown_5`,`spellcategory_5`,`spellcategorycooldown_5`,`bonding`,`description`,`page_id`,`page_language`,`page_material`,`quest_id`,`lock_id`,`lock_material`,`sheathID`,`randomprop`,randomsuffix,`block`,`itemset`,`MaxDurability`,`ZoneNameID`,`mapid`,`bagfamily`,`TotemCategory`,`socket_color_1`,socket_content_1,`socket_color_2`,socket_content_2,`socket_color_3`,socket_content_3,`socket_bonus`,`GemProperties`,`ReqDisenchantSkill`,ArmorDamageModifier) VALUES ('22765','0','-1','-1','Mule Dope','','','','811','6','0','100000','0','0','-1','-1','0','0','0','0','0','0','0','0','0','500','0','0','0','0','0','0','0','0','0','0','0','0','0','0','0','0','0','0','0','0','0','0','0','0','0','0','0','0','0','0','0','0','0','0','0','0','0','111','0','-1','0','0','0','0','0','0','0','0','0','0','0','0','0','0','0','0','0','0','0','0','0','0','0','0','0','0','0','1','|cffff00ffUse : No wonder that you go out of control with one of these. Makes time fly while you travel. 200% faster. Lasts 1 minutes.','0','0','0','0','0','0','0','0','0','0','0','0','0','','0','','0','0','0','0','0','0','0','','-1','0');

#pimp my rid
replace INTO items (`entry`,`class`,`subclass`,`field4`,`name1`,`name2`,`name3`,`name4`,`displayid`,`quality`,`flags`,`buyprice`,`sellprice`,`inventorytype`,`allowableclass`,`allowablerace`,`itemlevel`,`requiredlevel`,`RequiredSkill`,`RequiredSkillRank`,`RequiredPlayerRank1`,`RequiredPlayerRank2`,`RequiredFaction`,`RequiredFactionStanding`,`Unique`,`maxcount`,`ContainerSlots`,`stat_type1`,`stat_value1`,`stat_type2`,`stat_value2`,`stat_type3`,`stat_value3`,`stat_type4`,`stat_value4`,`stat_type5`,`stat_value5`,`stat_type6`,`stat_value6`,`stat_type7`,`stat_value7`,`stat_type8`,`stat_value8`,`stat_type9`,`stat_value9`,`stat_type10`,`stat_value10`,`dmg_min1`,`dmg_max1`,`dmg_type1`,`dmg_min2`,`dmg_max2`,`dmg_type2`,`armor`,`holy_res`,`fire_res`,`nature_res`,`frost_res`,`shadow_res`,`arcane_res`,`delay`,`ammo_type`,`range`,`spellid_1`,`spelltrigger_1`,`spellcharges_1`,`spellcooldown_1`,`spellcategory_1`,`spellcategorycooldown_1`,`spellid_2`,`spelltrigger_2`,`spellcharges_2`,`spellcooldown_2`,`spellcategory_2`,`spellcategorycooldown_2`,`spellid_3`,`spelltrigger_3`,`spellcharges_3`,`spellcooldown_3`,`spellcategory_3`,`spellcategorycooldown_3`,`spellid_4`,`spelltrigger_4`,`spellcharges_4`,`spellcooldown_4`,`spellcategory_4`,`spellcategorycooldown_4`,`spellid_5`,`spelltrigger_5`,`spellcharges_5`,`spellcooldown_5`,`spellcategory_5`,`spellcategorycooldown_5`,`bonding`,`description`,`page_id`,`page_language`,`page_material`,`quest_id`,`lock_id`,`lock_material`,`sheathID`,`randomprop`,randomsuffix,`block`,`itemset`,`MaxDurability`,`ZoneNameID`,`mapid`,`bagfamily`,`TotemCategory`,`socket_color_1`,socket_content_1,`socket_color_2`,socket_content_2,`socket_color_3`,socket_content_3,`socket_bonus`,`GemProperties`,`ReqDisenchantSkill`,ArmorDamageModifier) VALUES ('29188','0','-1','-1','Pimp my ride','','','','40397','6','0','100000','0','0','-1','-1','0','0','0','0','0','0','0','0','0','500','0','0','0','0','0','0','0','0','0','0','0','0','0','0','0','0','0','0','0','0','0','0','0','0','0','0','0','0','0','0','0','0','0','0','0','0','0','47','0','-1','0','0','0','0','0','0','0','0','0','0','0','0','0','0','0','0','0','0','0','0','0','0','0','0','0','0','0','1','|cffff00ffTired of old mount? Rusty old animal is not sexy anymore? Spent all your money on baby milk and can\'t afford a new one ? Don\'t worry, we know how much it sucks to be you. Here is a slow but cool one with spells.','0','0','0','0','0','0','0','0','0','0','0','0','0','','0','','0','0','0','0','0','0','0','','-1','0');

#pet shop
replace INTO items (`entry`,`class`,`subclass`,`field4`,`name1`,`name2`,`name3`,`name4`,`displayid`,`quality`,`flags`,`buyprice`,`sellprice`,`inventorytype`,`allowableclass`,`allowablerace`,`itemlevel`,`requiredlevel`,`RequiredSkill`,`RequiredSkillRank`,`RequiredPlayerRank1`,`RequiredPlayerRank2`,`RequiredFaction`,`RequiredFactionStanding`,`Unique`,`maxcount`,`ContainerSlots`,`stat_type1`,`stat_value1`,`stat_type2`,`stat_value2`,`stat_type3`,`stat_value3`,`stat_type4`,`stat_value4`,`stat_type5`,`stat_value5`,`stat_type6`,`stat_value6`,`stat_type7`,`stat_value7`,`stat_type8`,`stat_value8`,`stat_type9`,`stat_value9`,`stat_type10`,`stat_value10`,`dmg_min1`,`dmg_max1`,`dmg_type1`,`dmg_min2`,`dmg_max2`,`dmg_type2`,`armor`,`holy_res`,`fire_res`,`nature_res`,`frost_res`,`shadow_res`,`arcane_res`,`delay`,`ammo_type`,`range`,`spellid_1`,`spelltrigger_1`,`spellcharges_1`,`spellcooldown_1`,`spellcategory_1`,`spellcategorycooldown_1`,`spellid_2`,`spelltrigger_2`,`spellcharges_2`,`spellcooldown_2`,`spellcategory_2`,`spellcategorycooldown_2`,`spellid_3`,`spelltrigger_3`,`spellcharges_3`,`spellcooldown_3`,`spellcategory_3`,`spellcategorycooldown_3`,`spellid_4`,`spelltrigger_4`,`spellcharges_4`,`spellcooldown_4`,`spellcategory_4`,`spellcategorycooldown_4`,`spellid_5`,`spelltrigger_5`,`spellcharges_5`,`spellcooldown_5`,`spellcategory_5`,`spellcategorycooldown_5`,`bonding`,`description`,`page_id`,`page_language`,`page_material`,`quest_id`,`lock_id`,`lock_material`,`sheathID`,`randomprop`,randomsuffix,`block`,`itemset`,`MaxDurability`,`ZoneNameID`,`mapid`,`bagfamily`,`TotemCategory`,`socket_color_1`,socket_content_1,`socket_color_2`,socket_content_2,`socket_color_3`,socket_content_3,`socket_bonus`,`GemProperties`,`ReqDisenchantSkill`,ArmorDamageModifier) VALUES ('23227','0','-1','-1','Pet shop boys','','','','811','6','0','100000','0','0','-1','-1','0','0','0','0','0','0','0','0','0','500','0','0','0','0','0','0','0','0','0','0','0','0','0','0','0','0','0','0','0','0','0','0','0','0','0','0','0','0','0','0','0','0','0','0','0','0','0','41616','0','-1','0','0','0','0','0','0','0','0','0','0','0','0','0','0','0','0','0','0','0','0','0','0','0','0','0','0','0','1','|cffff00ffFun : Pet luv. Life wouldn\'t be fair without this. Buy some new look for your pet. He deservers it. 30 min duration.','0','0','0','0','0','0','0','0','0','0','0','0','0','','0','','0','0','0','0','0','0','0','','-1','0');

#mirror world
replace INTO items (`entry`,`class`,`subclass`,`field4`,`name1`,`name2`,`name3`,`name4`,`displayid`,`quality`,`flags`,`buyprice`,`sellprice`,`inventorytype`,`allowableclass`,`allowablerace`,`itemlevel`,`requiredlevel`,`RequiredSkill`,`RequiredSkillRank`,`RequiredPlayerRank1`,`RequiredPlayerRank2`,`RequiredFaction`,`RequiredFactionStanding`,`Unique`,`maxcount`,`ContainerSlots`,`stat_type1`,`stat_value1`,`stat_type2`,`stat_value2`,`stat_type3`,`stat_value3`,`stat_type4`,`stat_value4`,`stat_type5`,`stat_value5`,`stat_type6`,`stat_value6`,`stat_type7`,`stat_value7`,`stat_type8`,`stat_value8`,`stat_type9`,`stat_value9`,`stat_type10`,`stat_value10`,`dmg_min1`,`dmg_max1`,`dmg_type1`,`dmg_min2`,`dmg_max2`,`dmg_type2`,`armor`,`holy_res`,`fire_res`,`nature_res`,`frost_res`,`shadow_res`,`arcane_res`,`delay`,`ammo_type`,`range`,`spellid_1`,`spelltrigger_1`,`spellcharges_1`,`spellcooldown_1`,`spellcategory_1`,`spellcategorycooldown_1`,`spellid_2`,`spelltrigger_2`,`spellcharges_2`,`spellcooldown_2`,`spellcategory_2`,`spellcategorycooldown_2`,`spellid_3`,`spelltrigger_3`,`spellcharges_3`,`spellcooldown_3`,`spellcategory_3`,`spellcategorycooldown_3`,`spellid_4`,`spelltrigger_4`,`spellcharges_4`,`spellcooldown_4`,`spellcategory_4`,`spellcategorycooldown_4`,`spellid_5`,`spelltrigger_5`,`spellcharges_5`,`spellcooldown_5`,`spellcategory_5`,`spellcategorycooldown_5`,`bonding`,`description`,`page_id`,`page_language`,`page_material`,`quest_id`,`lock_id`,`lock_material`,`sheathID`,`randomprop`,randomsuffix,`block`,`itemset`,`MaxDurability`,`ZoneNameID`,`mapid`,`bagfamily`,`TotemCategory`,`socket_color_1`,socket_content_1,`socket_color_2`,socket_content_2,`socket_color_3`,socket_content_3,`socket_bonus`,`GemProperties`,`ReqDisenchantSkill`,ArmorDamageModifier) VALUES ('34103','0','-1','-1','Mirror world','','','','811','6','0','100000','0','0','-1','-1','0','0','0','0','0','0','0','0','0','500','0','0','0','0','0','0','0','0','0','0','0','0','0','0','0','0','0','0','0','0','0','0','0','0','0','0','0','0','0','0','0','0','0','0','0','0','0','41616','0','-1','0','0','0','0','0','0','0','0','0','0','0','0','0','0','0','0','0','0','0','0','0','0','0','0','0','0','0','1','|cffff00ffPVP: Now you see me, now you don\'t. Please don\'t use it on women drivers.(Makes target swap orintation.)','0','0','0','0','0','0','0','0','0','0','0','0','0','','0','','0','0','0','0','0','0','0','','-1','0');

#bad day
replace INTO items (`entry`,`class`,`subclass`,`field4`,`name1`,`name2`,`name3`,`name4`,`displayid`,`quality`,`flags`,`buyprice`,`sellprice`,`inventorytype`,`allowableclass`,`allowablerace`,`itemlevel`,`requiredlevel`,`RequiredSkill`,`RequiredSkillRank`,`RequiredPlayerRank1`,`RequiredPlayerRank2`,`RequiredFaction`,`RequiredFactionStanding`,`Unique`,`maxcount`,`ContainerSlots`,`stat_type1`,`stat_value1`,`stat_type2`,`stat_value2`,`stat_type3`,`stat_value3`,`stat_type4`,`stat_value4`,`stat_type5`,`stat_value5`,`stat_type6`,`stat_value6`,`stat_type7`,`stat_value7`,`stat_type8`,`stat_value8`,`stat_type9`,`stat_value9`,`stat_type10`,`stat_value10`,`dmg_min1`,`dmg_max1`,`dmg_type1`,`dmg_min2`,`dmg_max2`,`dmg_type2`,`armor`,`holy_res`,`fire_res`,`nature_res`,`frost_res`,`shadow_res`,`arcane_res`,`delay`,`ammo_type`,`range`,`spellid_1`,`spelltrigger_1`,`spellcharges_1`,`spellcooldown_1`,`spellcategory_1`,`spellcategorycooldown_1`,`spellid_2`,`spelltrigger_2`,`spellcharges_2`,`spellcooldown_2`,`spellcategory_2`,`spellcategorycooldown_2`,`spellid_3`,`spelltrigger_3`,`spellcharges_3`,`spellcooldown_3`,`spellcategory_3`,`spellcategorycooldown_3`,`spellid_4`,`spelltrigger_4`,`spellcharges_4`,`spellcooldown_4`,`spellcategory_4`,`spellcategorycooldown_4`,`spellid_5`,`spelltrigger_5`,`spellcharges_5`,`spellcooldown_5`,`spellcategory_5`,`spellcategorycooldown_5`,`bonding`,`description`,`page_id`,`page_language`,`page_material`,`quest_id`,`lock_id`,`lock_material`,`sheathID`,`randomprop`,randomsuffix,`block`,`itemset`,`MaxDurability`,`ZoneNameID`,`mapid`,`bagfamily`,`TotemCategory`,`socket_color_1`,socket_content_1,`socket_color_2`,socket_content_2,`socket_color_3`,socket_content_3,`socket_bonus`,`GemProperties`,`ReqDisenchantSkill`,ArmorDamageModifier) VALUES ('34104','0','-1','-1','Bad Day','','','','811','6','0','100000','0','0','-1','-1','0','0','0','0','0','0','0','0','0','500','0','0','0','0','0','0','0','0','0','0','0','0','0','0','0','0','0','0','0','0','0','0','0','0','0','0','0','0','0','0','0','0','0','0','0','0','0','41616','0','-1','0','0','0','0','0','0','0','0','0','0','0','0','0','0','0','0','0','0','0','0','0','0','0','0','0','0','0','1','|cffff00ffTanking : Start the day with left foot. Then hit your boss in the nuts with it. You draw agro like no tomorrow.(Twice as much. 10 sec duration.)','0','0','0','0','0','0','0','0','0','0','0','0','0','','0','','0','0','0','0','0','0','0','','-1','0');

#blessed dumbness
replace INTO items (`entry`,`class`,`subclass`,`field4`,`name1`,`name2`,`name3`,`name4`,`displayid`,`quality`,`flags`,`buyprice`,`sellprice`,`inventorytype`,`allowableclass`,`allowablerace`,`itemlevel`,`requiredlevel`,`RequiredSkill`,`RequiredSkillRank`,`RequiredPlayerRank1`,`RequiredPlayerRank2`,`RequiredFaction`,`RequiredFactionStanding`,`Unique`,`maxcount`,`ContainerSlots`,`stat_type1`,`stat_value1`,`stat_type2`,`stat_value2`,`stat_type3`,`stat_value3`,`stat_type4`,`stat_value4`,`stat_type5`,`stat_value5`,`stat_type6`,`stat_value6`,`stat_type7`,`stat_value7`,`stat_type8`,`stat_value8`,`stat_type9`,`stat_value9`,`stat_type10`,`stat_value10`,`dmg_min1`,`dmg_max1`,`dmg_type1`,`dmg_min2`,`dmg_max2`,`dmg_type2`,`armor`,`holy_res`,`fire_res`,`nature_res`,`frost_res`,`shadow_res`,`arcane_res`,`delay`,`ammo_type`,`range`,`spellid_1`,`spelltrigger_1`,`spellcharges_1`,`spellcooldown_1`,`spellcategory_1`,`spellcategorycooldown_1`,`spellid_2`,`spelltrigger_2`,`spellcharges_2`,`spellcooldown_2`,`spellcategory_2`,`spellcategorycooldown_2`,`spellid_3`,`spelltrigger_3`,`spellcharges_3`,`spellcooldown_3`,`spellcategory_3`,`spellcategorycooldown_3`,`spellid_4`,`spelltrigger_4`,`spellcharges_4`,`spellcooldown_4`,`spellcategory_4`,`spellcategorycooldown_4`,`spellid_5`,`spelltrigger_5`,`spellcharges_5`,`spellcooldown_5`,`spellcategory_5`,`spellcategorycooldown_5`,`bonding`,`description`,`page_id`,`page_language`,`page_material`,`quest_id`,`lock_id`,`lock_material`,`sheathID`,`randomprop`,randomsuffix,`block`,`itemset`,`MaxDurability`,`ZoneNameID`,`mapid`,`bagfamily`,`TotemCategory`,`socket_color_1`,socket_content_1,`socket_color_2`,socket_content_2,`socket_color_3`,socket_content_3,`socket_bonus`,`GemProperties`,`ReqDisenchantSkill`,ArmorDamageModifier) VALUES ('1356','0','-1','-1','Blessed Dumbness','','','','1096','6','0','100000','0','0','-1','-1','0','0','0','0','0','0','0','0','0','500','0','0','0','0','0','0','0','0','0','0','0','0','0','0','0','0','0','0','0','0','0','0','0','0','0','0','0','0','0','0','0','0','0','0','0','0','0','41616','0','-1','0','0','0','0','0','0','0','0','0','0','0','0','0','0','0','0','0','0','0','0','0','0','0','0','0','0','0','1','|cffff00ffDPS : Look who is the dumb now ? If your target is not atacking you then he will half way forget about you. Ignorance is a bless. ( Target almost forgets you )','0','0','0','0','0','0','0','0','0','0','0','0','0','','0','','0','0','0','0','0','0','0','','-1','0');

#geekness proof
replace INTO items (`entry`,`class`,`subclass`,`field4`,`name1`,`name2`,`name3`,`name4`,`displayid`,`quality`,`flags`,`buyprice`,`sellprice`,`inventorytype`,`allowableclass`,`allowablerace`,`itemlevel`,`requiredlevel`,`RequiredSkill`,`RequiredSkillRank`,`RequiredPlayerRank1`,`RequiredPlayerRank2`,`RequiredFaction`,`RequiredFactionStanding`,`Unique`,`maxcount`,`ContainerSlots`,`stat_type1`,`stat_value1`,`stat_type2`,`stat_value2`,`stat_type3`,`stat_value3`,`stat_type4`,`stat_value4`,`stat_type5`,`stat_value5`,`stat_type6`,`stat_value6`,`stat_type7`,`stat_value7`,`stat_type8`,`stat_value8`,`stat_type9`,`stat_value9`,`stat_type10`,`stat_value10`,`dmg_min1`,`dmg_max1`,`dmg_type1`,`dmg_min2`,`dmg_max2`,`dmg_type2`,`armor`,`holy_res`,`fire_res`,`nature_res`,`frost_res`,`shadow_res`,`arcane_res`,`delay`,`ammo_type`,`range`,`spellid_1`,`spelltrigger_1`,`spellcharges_1`,`spellcooldown_1`,`spellcategory_1`,`spellcategorycooldown_1`,`spellid_2`,`spelltrigger_2`,`spellcharges_2`,`spellcooldown_2`,`spellcategory_2`,`spellcategorycooldown_2`,`spellid_3`,`spelltrigger_3`,`spellcharges_3`,`spellcooldown_3`,`spellcategory_3`,`spellcategorycooldown_3`,`spellid_4`,`spelltrigger_4`,`spellcharges_4`,`spellcooldown_4`,`spellcategory_4`,`spellcategorycooldown_4`,`spellid_5`,`spelltrigger_5`,`spellcharges_5`,`spellcooldown_5`,`spellcategory_5`,`spellcategorycooldown_5`,`bonding`,`description`,`page_id`,`page_language`,`page_material`,`quest_id`,`lock_id`,`lock_material`,`sheathID`,`randomprop`,randomsuffix,`block`,`itemset`,`MaxDurability`,`ZoneNameID`,`mapid`,`bagfamily`,`TotemCategory`,`socket_color_1`,socket_content_1,`socket_color_2`,socket_content_2,`socket_color_3`,socket_content_3,`socket_bonus`,`GemProperties`,`ReqDisenchantSkill`,ArmorDamageModifier) VALUES ('2638','0','-1','-1','Geekness proof','','','','924','6','0','100000','0','0','-1','-1','0','0','0','0','0','0','0','0','0','500','0','0','0','0','0','0','0','0','0','0','0','0','0','0','0','0','0','0','0','0','0','0','0','0','0','0','0','0','0','0','0','0','0','0','0','0','0','41616','0','-1','0','0','0','0','0','0','0','0','0','0','0','0','0','0','0','0','0','0','0','0','0','0','0','0','0','0','0','1','|cffff00ffbuf : Others laughed at you in school but it\'s time for revenge. Finally you can show the world and have that evil laugh from cartoons. (Max 6 buffs)','0','0','0','0','0','0','0','0','0','0','0','0','0','','0','','0','0','0','0','0','0','0','','-1','0');

#Tag, you're it
replace INTO items (`entry`,`class`,`subclass`,`field4`,`name1`,`name2`,`name3`,`name4`,`displayid`,`quality`,`flags`,`buyprice`,`sellprice`,`inventorytype`,`allowableclass`,`allowablerace`,`itemlevel`,`requiredlevel`,`RequiredSkill`,`RequiredSkillRank`,`RequiredPlayerRank1`,`RequiredPlayerRank2`,`RequiredFaction`,`RequiredFactionStanding`,`Unique`,`maxcount`,`ContainerSlots`,`stat_type1`,`stat_value1`,`stat_type2`,`stat_value2`,`stat_type3`,`stat_value3`,`stat_type4`,`stat_value4`,`stat_type5`,`stat_value5`,`stat_type6`,`stat_value6`,`stat_type7`,`stat_value7`,`stat_type8`,`stat_value8`,`stat_type9`,`stat_value9`,`stat_type10`,`stat_value10`,`dmg_min1`,`dmg_max1`,`dmg_type1`,`dmg_min2`,`dmg_max2`,`dmg_type2`,`armor`,`holy_res`,`fire_res`,`nature_res`,`frost_res`,`shadow_res`,`arcane_res`,`delay`,`ammo_type`,`range`,`spellid_1`,`spelltrigger_1`,`spellcharges_1`,`spellcooldown_1`,`spellcategory_1`,`spellcategorycooldown_1`,`spellid_2`,`spelltrigger_2`,`spellcharges_2`,`spellcooldown_2`,`spellcategory_2`,`spellcategorycooldown_2`,`spellid_3`,`spelltrigger_3`,`spellcharges_3`,`spellcooldown_3`,`spellcategory_3`,`spellcategorycooldown_3`,`spellid_4`,`spelltrigger_4`,`spellcharges_4`,`spellcooldown_4`,`spellcategory_4`,`spellcategorycooldown_4`,`spellid_5`,`spelltrigger_5`,`spellcharges_5`,`spellcooldown_5`,`spellcategory_5`,`spellcategorycooldown_5`,`bonding`,`description`,`page_id`,`page_language`,`page_material`,`quest_id`,`lock_id`,`lock_material`,`sheathID`,`randomprop`,randomsuffix,`block`,`itemset`,`MaxDurability`,`ZoneNameID`,`mapid`,`bagfamily`,`TotemCategory`,`socket_color_1`,socket_content_1,`socket_color_2`,socket_content_2,`socket_color_3`,socket_content_3,`socket_bonus`,`GemProperties`,`ReqDisenchantSkill`,ArmorDamageModifier) VALUES ('27419','0','-1','-1','Tag, you\'re it','','','','1013','6','0','100000','0','0','-1','-1','0','0','0','0','0','0','0','0','0','500','0','0','0','0','0','0','0','0','0','0','0','0','0','0','0','0','0','0','0','0','0','0','0','0','0','0','0','0','0','0','0','0','0','0','0','0','0','41616','0','-1','0','0','0','0','0','0','0','0','0','0','0','0','0','0','0','0','0','0','0','0','0','0','0','0','0','0','0','1','|cffff00ffRaid : A lifesaving game. Switch your healthpoints with one of your party members. Selection is auto. Member must be in range and have full health.','0','0','0','0','0','0','0','0','0','0','0','0','0','','0','','0','0','0','0','0','0','0','','-1','0');

#Blue coffe
replace INTO items (`entry`,`class`,`subclass`,`field4`,`name1`,`name2`,`name3`,`name4`,`displayid`,`quality`,`flags`,`buyprice`,`sellprice`,`inventorytype`,`allowableclass`,`allowablerace`,`itemlevel`,`requiredlevel`,`RequiredSkill`,`RequiredSkillRank`,`RequiredPlayerRank1`,`RequiredPlayerRank2`,`RequiredFaction`,`RequiredFactionStanding`,`Unique`,`maxcount`,`ContainerSlots`,`stat_type1`,`stat_value1`,`stat_type2`,`stat_value2`,`stat_type3`,`stat_value3`,`stat_type4`,`stat_value4`,`stat_type5`,`stat_value5`,`stat_type6`,`stat_value6`,`stat_type7`,`stat_value7`,`stat_type8`,`stat_value8`,`stat_type9`,`stat_value9`,`stat_type10`,`stat_value10`,`dmg_min1`,`dmg_max1`,`dmg_type1`,`dmg_min2`,`dmg_max2`,`dmg_type2`,`armor`,`holy_res`,`fire_res`,`nature_res`,`frost_res`,`shadow_res`,`arcane_res`,`delay`,`ammo_type`,`range`,`spellid_1`,`spelltrigger_1`,`spellcharges_1`,`spellcooldown_1`,`spellcategory_1`,`spellcategorycooldown_1`,`spellid_2`,`spelltrigger_2`,`spellcharges_2`,`spellcooldown_2`,`spellcategory_2`,`spellcategorycooldown_2`,`spellid_3`,`spelltrigger_3`,`spellcharges_3`,`spellcooldown_3`,`spellcategory_3`,`spellcategorycooldown_3`,`spellid_4`,`spelltrigger_4`,`spellcharges_4`,`spellcooldown_4`,`spellcategory_4`,`spellcategorycooldown_4`,`spellid_5`,`spelltrigger_5`,`spellcharges_5`,`spellcooldown_5`,`spellcategory_5`,`spellcategorycooldown_5`,`bonding`,`description`,`page_id`,`page_language`,`page_material`,`quest_id`,`lock_id`,`lock_material`,`sheathID`,`randomprop`,randomsuffix,`block`,`itemset`,`MaxDurability`,`ZoneNameID`,`mapid`,`bagfamily`,`TotemCategory`,`socket_color_1`,socket_content_1,`socket_color_2`,socket_content_2,`socket_color_3`,socket_content_3,`socket_bonus`,`GemProperties`,`ReqDisenchantSkill`,ArmorDamageModifier) VALUES ('951','0','-1','-1','Blue coffe','','','','1093','6','0','100000','0','0','-1','-1','0','0','0','0','0','0','0','0','0','500','0','0','0','0','0','0','0','0','0','0','0','0','0','0','0','0','0','0','0','0','0','0','0','0','0','0','0','0','0','0','0','0','0','0','0','0','0','41616','0','-1','0','0','0','0','0','0','0','0','0','0','0','0','0','0','0','0','0','0','0','0','0','0','0','0','0','0','0','1','|cffff00ffbuf : Forget potions. Coffe is way better. Can get your whatever powers back in notime.(recover 40% max mana/energy/rage)','0','0','0','0','0','0','0','0','0','0','0','0','0','','0','','0','0','0','0','0','0','0','','-1','0');

#Beam me Scotty
replace INTO items (`entry`,`class`,`subclass`,`field4`,`name1`,`name2`,`name3`,`name4`,`displayid`,`quality`,`flags`,`buyprice`,`sellprice`,`inventorytype`,`allowableclass`,`allowablerace`,`itemlevel`,`requiredlevel`,`RequiredSkill`,`RequiredSkillRank`,`RequiredPlayerRank1`,`RequiredPlayerRank2`,`RequiredFaction`,`RequiredFactionStanding`,`Unique`,`maxcount`,`ContainerSlots`,`stat_type1`,`stat_value1`,`stat_type2`,`stat_value2`,`stat_type3`,`stat_value3`,`stat_type4`,`stat_value4`,`stat_type5`,`stat_value5`,`stat_type6`,`stat_value6`,`stat_type7`,`stat_value7`,`stat_type8`,`stat_value8`,`stat_type9`,`stat_value9`,`stat_type10`,`stat_value10`,`dmg_min1`,`dmg_max1`,`dmg_type1`,`dmg_min2`,`dmg_max2`,`dmg_type2`,`armor`,`holy_res`,`fire_res`,`nature_res`,`frost_res`,`shadow_res`,`arcane_res`,`delay`,`ammo_type`,`range`,`spellid_1`,`spelltrigger_1`,`spellcharges_1`,`spellcooldown_1`,`spellcategory_1`,`spellcategorycooldown_1`,`spellid_2`,`spelltrigger_2`,`spellcharges_2`,`spellcooldown_2`,`spellcategory_2`,`spellcategorycooldown_2`,`spellid_3`,`spelltrigger_3`,`spellcharges_3`,`spellcooldown_3`,`spellcategory_3`,`spellcategorycooldown_3`,`spellid_4`,`spelltrigger_4`,`spellcharges_4`,`spellcooldown_4`,`spellcategory_4`,`spellcategorycooldown_4`,`spellid_5`,`spelltrigger_5`,`spellcharges_5`,`spellcooldown_5`,`spellcategory_5`,`spellcategorycooldown_5`,`bonding`,`description`,`page_id`,`page_language`,`page_material`,`quest_id`,`lock_id`,`lock_material`,`sheathID`,`randomprop`,randomsuffix,`block`,`itemset`,`MaxDurability`,`ZoneNameID`,`mapid`,`bagfamily`,`TotemCategory`,`socket_color_1`,socket_content_1,`socket_color_2`,socket_content_2,`socket_color_3`,socket_content_3,`socket_bonus`,`GemProperties`,`ReqDisenchantSkill`,ArmorDamageModifier) VALUES ('3512','0','-1','-1','Beam me Scotty','','','','1096','6','0','100000','0','0','-1','-1','0','0','0','0','0','0','0','0','0','500','0','0','0','0','0','0','0','0','0','0','0','0','0','0','0','0','0','0','0','0','0','0','0','0','0','0','0','0','0','0','0','0','0','0','0','0','0','41616','0','-1','0','0','0','0','0','0','0','0','0','0','0','0','0','0','0','0','0','0','0','0','0','0','0','0','0','0','0','1','|cffff00ffRaid : This is not star wars but walking is so yesterday. If both selected party member and you are out of combat then you can port to a tanker warrior or paladin location from party.Works only on same map.','0','0','0','0','0','0','0','0','0','0','0','0','0','','0','','0','0','0','0','0','0','0','','-1','0');

#Mr fix it
replace INTO items (`entry`,`class`,`subclass`,`field4`,`name1`,`name2`,`name3`,`name4`,`displayid`,`quality`,`flags`,`buyprice`,`sellprice`,`inventorytype`,`allowableclass`,`allowablerace`,`itemlevel`,`requiredlevel`,`RequiredSkill`,`RequiredSkillRank`,`RequiredPlayerRank1`,`RequiredPlayerRank2`,`RequiredFaction`,`RequiredFactionStanding`,`Unique`,`maxcount`,`ContainerSlots`,`stat_type1`,`stat_value1`,`stat_type2`,`stat_value2`,`stat_type3`,`stat_value3`,`stat_type4`,`stat_value4`,`stat_type5`,`stat_value5`,`stat_type6`,`stat_value6`,`stat_type7`,`stat_value7`,`stat_type8`,`stat_value8`,`stat_type9`,`stat_value9`,`stat_type10`,`stat_value10`,`dmg_min1`,`dmg_max1`,`dmg_type1`,`dmg_min2`,`dmg_max2`,`dmg_type2`,`armor`,`holy_res`,`fire_res`,`nature_res`,`frost_res`,`shadow_res`,`arcane_res`,`delay`,`ammo_type`,`range`,`spellid_1`,`spelltrigger_1`,`spellcharges_1`,`spellcooldown_1`,`spellcategory_1`,`spellcategorycooldown_1`,`spellid_2`,`spelltrigger_2`,`spellcharges_2`,`spellcooldown_2`,`spellcategory_2`,`spellcategorycooldown_2`,`spellid_3`,`spelltrigger_3`,`spellcharges_3`,`spellcooldown_3`,`spellcategory_3`,`spellcategorycooldown_3`,`spellid_4`,`spelltrigger_4`,`spellcharges_4`,`spellcooldown_4`,`spellcategory_4`,`spellcategorycooldown_4`,`spellid_5`,`spelltrigger_5`,`spellcharges_5`,`spellcooldown_5`,`spellcategory_5`,`spellcategorycooldown_5`,`bonding`,`description`,`page_id`,`page_language`,`page_material`,`quest_id`,`lock_id`,`lock_material`,`sheathID`,`randomprop`,randomsuffix,`block`,`itemset`,`MaxDurability`,`ZoneNameID`,`mapid`,`bagfamily`,`TotemCategory`,`socket_color_1`,socket_content_1,`socket_color_2`,socket_content_2,`socket_color_3`,socket_content_3,`socket_bonus`,`GemProperties`,`ReqDisenchantSkill`,ArmorDamageModifier) VALUES ('35517','0','-1','-1','Mr fix it','','','','1096','6','0','100000','0','0','-1','-1','0','0','0','0','0','0','0','0','0','500','0','0','0','0','0','0','0','0','0','0','0','0','0','0','0','0','0','0','0','0','0','0','0','0','0','0','0','0','0','0','0','0','0','0','0','0','0','41616','0','-1','0','0','0','0','0','0','0','0','0','0','0','0','0','0','0','0','0','0','0','0','0','0','0','0','0','0','0','1','|cffff00ffbuff : That bear punch really hit the spot on your armor. Why go back and ask someone to do it if you could do it as well on the fields? You can fix anything with Super Glue these days.(requires normal money as other repair)','0','0','0','0','0','0','0','0','0','0','0','0','0','','0','','0','0','0','0','0','0','0','','-1','0');

#Second Hand Omnigel 
replace INTO items (`entry`,`class`,`subclass`,`field4`,`name1`,`name2`,`name3`,`name4`,`displayid`,`quality`,`flags`,`buyprice`,`sellprice`,`inventorytype`,`allowableclass`,`allowablerace`,`itemlevel`,`requiredlevel`,`RequiredSkill`,`RequiredSkillRank`,`RequiredPlayerRank1`,`RequiredPlayerRank2`,`RequiredFaction`,`RequiredFactionStanding`,`Unique`,`maxcount`,`ContainerSlots`,`stat_type1`,`stat_value1`,`stat_type2`,`stat_value2`,`stat_type3`,`stat_value3`,`stat_type4`,`stat_value4`,`stat_type5`,`stat_value5`,`stat_type6`,`stat_value6`,`stat_type7`,`stat_value7`,`stat_type8`,`stat_value8`,`stat_type9`,`stat_value9`,`stat_type10`,`stat_value10`,`dmg_min1`,`dmg_max1`,`dmg_type1`,`dmg_min2`,`dmg_max2`,`dmg_type2`,`armor`,`holy_res`,`fire_res`,`nature_res`,`frost_res`,`shadow_res`,`arcane_res`,`delay`,`ammo_type`,`range`,`spellid_1`,`spelltrigger_1`,`spellcharges_1`,`spellcooldown_1`,`spellcategory_1`,`spellcategorycooldown_1`,`spellid_2`,`spelltrigger_2`,`spellcharges_2`,`spellcooldown_2`,`spellcategory_2`,`spellcategorycooldown_2`,`spellid_3`,`spelltrigger_3`,`spellcharges_3`,`spellcooldown_3`,`spellcategory_3`,`spellcategorycooldown_3`,`spellid_4`,`spelltrigger_4`,`spellcharges_4`,`spellcooldown_4`,`spellcategory_4`,`spellcategorycooldown_4`,`spellid_5`,`spelltrigger_5`,`spellcharges_5`,`spellcooldown_5`,`spellcategory_5`,`spellcategorycooldown_5`,`bonding`,`description`,`page_id`,`page_language`,`page_material`,`quest_id`,`lock_id`,`lock_material`,`sheathID`,`randomprop`,randomsuffix,`block`,`itemset`,`MaxDurability`,`ZoneNameID`,`mapid`,`bagfamily`,`TotemCategory`,`socket_color_1`,socket_content_1,`socket_color_2`,socket_content_2,`socket_color_3`,socket_content_3,`socket_bonus`,`GemProperties`,`ReqDisenchantSkill`,ArmorDamageModifier) VALUES ('35519','0','-1','-1','Second Hand Omnigel','','','','1096','6','0','10000000','0','0','-1','-1','0','0','0','0','0','0','0','0','0','500','0','0','0','0','0','0','0','0','0','0','0','0','0','0','0','0','0','0','0','0','0','0','0','0','0','0','0','0','0','0','0','0','0','0','0','0','0','41616','0','-1','0','0','0','0','0','0','0','0','0','0','0','0','0','0','0','0','0','0','0','0','0','0','0','0','0','0','0','1','|cffff00ffUse : Laserswords and 3d printers are to be found in archeological sites. This morphes an item located in your first backpack slot. An item can be morphed a limited time.This version can morph only white and green items.','0','0','0','0','0','0','0','0','0','0','0','0','0','','0','','0','0','0','0','0','0','0','','-1','0');

#Onion flawored nuclear fart 
replace INTO items (`entry`,`class`,`subclass`,`field4`,`name1`,`name2`,`name3`,`name4`,`displayid`,`quality`,`flags`,`buyprice`,`sellprice`,`inventorytype`,`allowableclass`,`allowablerace`,`itemlevel`,`requiredlevel`,`RequiredSkill`,`RequiredSkillRank`,`RequiredPlayerRank1`,`RequiredPlayerRank2`,`RequiredFaction`,`RequiredFactionStanding`,`Unique`,`maxcount`,`ContainerSlots`,`stat_type1`,`stat_value1`,`stat_type2`,`stat_value2`,`stat_type3`,`stat_value3`,`stat_type4`,`stat_value4`,`stat_type5`,`stat_value5`,`stat_type6`,`stat_value6`,`stat_type7`,`stat_value7`,`stat_type8`,`stat_value8`,`stat_type9`,`stat_value9`,`stat_type10`,`stat_value10`,`dmg_min1`,`dmg_max1`,`dmg_type1`,`dmg_min2`,`dmg_max2`,`dmg_type2`,`armor`,`holy_res`,`fire_res`,`nature_res`,`frost_res`,`shadow_res`,`arcane_res`,`delay`,`ammo_type`,`range`,`spellid_1`,`spelltrigger_1`,`spellcharges_1`,`spellcooldown_1`,`spellcategory_1`,`spellcategorycooldown_1`,`spellid_2`,`spelltrigger_2`,`spellcharges_2`,`spellcooldown_2`,`spellcategory_2`,`spellcategorycooldown_2`,`spellid_3`,`spelltrigger_3`,`spellcharges_3`,`spellcooldown_3`,`spellcategory_3`,`spellcategorycooldown_3`,`spellid_4`,`spelltrigger_4`,`spellcharges_4`,`spellcooldown_4`,`spellcategory_4`,`spellcategorycooldown_4`,`spellid_5`,`spelltrigger_5`,`spellcharges_5`,`spellcooldown_5`,`spellcategory_5`,`spellcategorycooldown_5`,`bonding`,`description`,`page_id`,`page_language`,`page_material`,`quest_id`,`lock_id`,`lock_material`,`sheathID`,`randomprop`,randomsuffix,`block`,`itemset`,`MaxDurability`,`ZoneNameID`,`mapid`,`bagfamily`,`TotemCategory`,`socket_color_1`,socket_content_1,`socket_color_2`,socket_content_2,`socket_color_3`,socket_content_3,`socket_bonus`,`GemProperties`,`ReqDisenchantSkill`,ArmorDamageModifier) VALUES ('836','0','-1','-1','Onion flawored nuclear fart','','','','1007','6','0','100000','0','0','-1','-1','0','0','0','0','0','0','0','0','0','500','0','0','0','0','0','0','0','0','0','0','0','0','0','0','0','0','0','0','0','0','0','0','0','0','0','0','0','0','0','0','0','0','0','0','0','0','0','41616','0','-1','0','0','0','0','0','0','0','0','0','0','0','0','0','0','0','0','0','0','0','0','0','0','0','0','0','0','0','1','|cffff00ffCombat : Could make a mammoth to bork. Sniff this and start fainting.(2 min cooldown)','0','0','0','0','0','0','0','0','0','0','0','0','0','','0','','0','0','0','0','0','0','0','','-1','0');

#Fat rich junk food
replace INTO items (`entry`,`class`,`subclass`,`field4`,`name1`,`name2`,`name3`,`name4`,`displayid`,`quality`,`flags`,`buyprice`,`sellprice`,`inventorytype`,`allowableclass`,`allowablerace`,`itemlevel`,`requiredlevel`,`RequiredSkill`,`RequiredSkillRank`,`RequiredPlayerRank1`,`RequiredPlayerRank2`,`RequiredFaction`,`RequiredFactionStanding`,`Unique`,`maxcount`,`ContainerSlots`,`stat_type1`,`stat_value1`,`stat_type2`,`stat_value2`,`stat_type3`,`stat_value3`,`stat_type4`,`stat_value4`,`stat_type5`,`stat_value5`,`stat_type6`,`stat_value6`,`stat_type7`,`stat_value7`,`stat_type8`,`stat_value8`,`stat_type9`,`stat_value9`,`stat_type10`,`stat_value10`,`dmg_min1`,`dmg_max1`,`dmg_type1`,`dmg_min2`,`dmg_max2`,`dmg_type2`,`armor`,`holy_res`,`fire_res`,`nature_res`,`frost_res`,`shadow_res`,`arcane_res`,`delay`,`ammo_type`,`range`,`spellid_1`,`spelltrigger_1`,`spellcharges_1`,`spellcooldown_1`,`spellcategory_1`,`spellcategorycooldown_1`,`spellid_2`,`spelltrigger_2`,`spellcharges_2`,`spellcooldown_2`,`spellcategory_2`,`spellcategorycooldown_2`,`spellid_3`,`spelltrigger_3`,`spellcharges_3`,`spellcooldown_3`,`spellcategory_3`,`spellcategorycooldown_3`,`spellid_4`,`spelltrigger_4`,`spellcharges_4`,`spellcooldown_4`,`spellcategory_4`,`spellcategorycooldown_4`,`spellid_5`,`spelltrigger_5`,`spellcharges_5`,`spellcooldown_5`,`spellcategory_5`,`spellcategorycooldown_5`,`bonding`,`description`,`page_id`,`page_language`,`page_material`,`quest_id`,`lock_id`,`lock_material`,`sheathID`,`randomprop`,randomsuffix,`block`,`itemset`,`MaxDurability`,`ZoneNameID`,`mapid`,`bagfamily`,`TotemCategory`,`socket_color_1`,socket_content_1,`socket_color_2`,socket_content_2,`socket_color_3`,socket_content_3,`socket_bonus`,`GemProperties`,`ReqDisenchantSkill`,ArmorDamageModifier) VALUES ('1450','0','-1','-1','Fat rich junk food','','','','1026','6','0','100000','0','0','-1','-1','0','0','0','0','0','0','0','0','0','500','0','0','0','0','0','0','0','0','0','0','0','0','0','0','0','0','0','0','0','0','0','0','0','0','0','0','0','0','0','0','0','0','0','0','0','0','0','41616','0','-1','0','0','0','0','0','0','0','0','0','0','0','0','0','0','0','0','0','0','0','0','0','0','0','0','0','0','0','1','|cffff00ffRaid : Will make even your grandchildren fat. But you still like to eat it cause it satifies your momentary needs.(MaxHP increase, it stacks up)','0','0','0','0','0','0','0','0','0','0','0','0','0','','0','','0','0','0','0','0','0','0','','-1','0');

#Universal Translator 
replace INTO items (`entry`,`class`,`subclass`,`field4`,`name1`,`name2`,`name3`,`name4`,`displayid`,`quality`,`flags`,`buyprice`,`sellprice`,`inventorytype`,`allowableclass`,`allowablerace`,`itemlevel`,`requiredlevel`,`RequiredSkill`,`RequiredSkillRank`,`RequiredPlayerRank1`,`RequiredPlayerRank2`,`RequiredFaction`,`RequiredFactionStanding`,`Unique`,`maxcount`,`ContainerSlots`,`stat_type1`,`stat_value1`,`stat_type2`,`stat_value2`,`stat_type3`,`stat_value3`,`stat_type4`,`stat_value4`,`stat_type5`,`stat_value5`,`stat_type6`,`stat_value6`,`stat_type7`,`stat_value7`,`stat_type8`,`stat_value8`,`stat_type9`,`stat_value9`,`stat_type10`,`stat_value10`,`dmg_min1`,`dmg_max1`,`dmg_type1`,`dmg_min2`,`dmg_max2`,`dmg_type2`,`armor`,`holy_res`,`fire_res`,`nature_res`,`frost_res`,`shadow_res`,`arcane_res`,`delay`,`ammo_type`,`range`,`spellid_1`,`spelltrigger_1`,`spellcharges_1`,`spellcooldown_1`,`spellcategory_1`,`spellcategorycooldown_1`,`spellid_2`,`spelltrigger_2`,`spellcharges_2`,`spellcooldown_2`,`spellcategory_2`,`spellcategorycooldown_2`,`spellid_3`,`spelltrigger_3`,`spellcharges_3`,`spellcooldown_3`,`spellcategory_3`,`spellcategorycooldown_3`,`spellid_4`,`spelltrigger_4`,`spellcharges_4`,`spellcooldown_4`,`spellcategory_4`,`spellcategorycooldown_4`,`spellid_5`,`spelltrigger_5`,`spellcharges_5`,`spellcooldown_5`,`spellcategory_5`,`spellcategorycooldown_5`,`bonding`,`description`,`page_id`,`page_language`,`page_material`,`quest_id`,`lock_id`,`lock_material`,`sheathID`,`randomprop`,randomsuffix,`block`,`itemset`,`MaxDurability`,`ZoneNameID`,`mapid`,`bagfamily`,`TotemCategory`,`socket_color_1`,socket_content_1,`socket_color_2`,socket_content_2,`socket_color_3`,socket_content_3,`socket_bonus`,`GemProperties`,`ReqDisenchantSkill`,ArmorDamageModifier) VALUES ('35520','0','-1','-1','Universal Translator','','','','1096','6','0','100000','0','0','-1','-1','0','0','0','0','0','0','0','0','0','500','0','0','0','0','0','0','0','0','0','0','0','0','0','0','0','0','0','0','0','0','0','0','0','0','0','0','0','0','0','0','0','0','0','0','0','0','0','36764','0','-1','0','0','0','0','0','0','0','0','0','0','0','0','0','0','0','0','0','0','0','0','0','0','0','0','0','0','0','1','|cffff00ffBuff : Though you might have not been able to learn cross faction talk in those 4 years of wow. This buff instnatly makes you understand other languages.','0','0','0','0','0','0','0','0','0','0','0','0','0','','0','','0','0','0','0','0','0','0','','-1','0');

#Healbot
replace INTO items (`entry`,`class`,`subclass`,`field4`,`name1`,`name2`,`name3`,`name4`,`displayid`,`quality`,`flags`,`buyprice`,`sellprice`,`inventorytype`,`allowableclass`,`allowablerace`,`itemlevel`,`requiredlevel`,`RequiredSkill`,`RequiredSkillRank`,`RequiredPlayerRank1`,`RequiredPlayerRank2`,`RequiredFaction`,`RequiredFactionStanding`,`Unique`,`maxcount`,`ContainerSlots`,`stat_type1`,`stat_value1`,`stat_type2`,`stat_value2`,`stat_type3`,`stat_value3`,`stat_type4`,`stat_value4`,`stat_type5`,`stat_value5`,`stat_type6`,`stat_value6`,`stat_type7`,`stat_value7`,`stat_type8`,`stat_value8`,`stat_type9`,`stat_value9`,`stat_type10`,`stat_value10`,`dmg_min1`,`dmg_max1`,`dmg_type1`,`dmg_min2`,`dmg_max2`,`dmg_type2`,`armor`,`holy_res`,`fire_res`,`nature_res`,`frost_res`,`shadow_res`,`arcane_res`,`delay`,`ammo_type`,`range`,`spellid_1`,`spelltrigger_1`,`spellcharges_1`,`spellcooldown_1`,`spellcategory_1`,`spellcategorycooldown_1`,`spellid_2`,`spelltrigger_2`,`spellcharges_2`,`spellcooldown_2`,`spellcategory_2`,`spellcategorycooldown_2`,`spellid_3`,`spelltrigger_3`,`spellcharges_3`,`spellcooldown_3`,`spellcategory_3`,`spellcategorycooldown_3`,`spellid_4`,`spelltrigger_4`,`spellcharges_4`,`spellcooldown_4`,`spellcategory_4`,`spellcategorycooldown_4`,`spellid_5`,`spelltrigger_5`,`spellcharges_5`,`spellcooldown_5`,`spellcategory_5`,`spellcategorycooldown_5`,`bonding`,`description`,`page_id`,`page_language`,`page_material`,`quest_id`,`lock_id`,`lock_material`,`sheathID`,`randomprop`,randomsuffix,`block`,`itemset`,`MaxDurability`,`ZoneNameID`,`mapid`,`bagfamily`,`TotemCategory`,`socket_color_1`,socket_content_1,`socket_color_2`,socket_content_2,`socket_color_3`,socket_content_3,`socket_bonus`,`GemProperties`,`ReqDisenchantSkill`,ArmorDamageModifier) VALUES ('35521','0','-1','-1','Healbot','','','','1096','6','0','100000','0','0','-1','-1','0','0','0','0','0','0','0','0','0','500','0','0','0','0','0','0','0','0','0','0','0','0','0','0','0','0','0','0','0','0','0','0','0','0','0','0','0','0','0','0','0','0','0','0','0','0','0','41616','0','-1','0','0','0','0','0','0','0','0','0','0','0','0','0','0','0','0','0','0','0','0','0','0','0','0','0','0','0','1','|cffff00ffRaid : No funny messages :P. Should give a hand for tanks in raids. Nothing can replace a human player though.','0','0','0','0','0','0','0','0','0','0','0','0','0','','0','','0','0','0','0','0','0','0','','-1','0');
INSERT ignore INTO `creature_names` (`entry`, `name`, `subname`, `info_str`, `Flags1`, `type`, `family`, `rank`, `male_displayid`, `female_displayid`, `male_displayid2`, `female_displayid2`) VALUES
(1826, 'Scarlet Mage', '', '', 0, 7, 0, 0,10286, 10288, 10287, 10289);
INSERT INTO `creature_proto` (`entry`, `minlevel`, `maxlevel`, `faction`, `minhealth`, `maxhealth`, `mana`, `scale`, `npcflags`, `attacktime`, `attacktype`, `mindamage`, `maxdamage`, `rangedattacktime`, `rangedmindamage`, `rangedmaxdamage`, `respawntime`, `armor`, `resistance1`, `resistance2`, `resistance3`, `resistance4`, `resistance5`, `resistance6`, `combat_reach`, `bounding_radius`, `auras`, `boss`, `money`, `invisibility_type`, `death_state`, `walk_speed`, `run_speed`, `fly_speed`, `extra_a9_flags`, `modImmunities`) VALUES
(1826, 55, 56, 67, 2461, 2461, 5013, 1, 0, 1420, 0, 104, 148, 0, 0, 0, 360000, 1410, 56, 21, 21, 0, 0, 0, 1.5, 0.306, '0', 0, 647, 0, 0, 2.5, 8, 14, 0, 0);
