delete from playercreateinfo_items where protoid=22805 or protoid=23741 or protoid=23743 or protoid=13338 or protoid=27421;

#mace
replace INTO items (`entry`,`class`,`subclass`,`field4`,`name1`,`name2`,`name3`,`name4`,`displayid`,`quality`,`flags`,`buyprice`,`sellprice`,`inventorytype`,`allowableclass`,`allowablerace`,`itemlevel`,`requiredlevel`,`RequiredSkill`,`RequiredSkillRank`,`RequiredPlayerRank1`,`RequiredPlayerRank2`,`RequiredFaction`,`RequiredFactionStanding`,`Unique`,`maxcount`,`ContainerSlots`,`stat_type1`,`stat_value1`,`stat_type2`,`stat_value2`,`stat_type3`,`stat_value3`,`stat_type4`,`stat_value4`,`stat_type5`,`stat_value5`,`stat_type6`,`stat_value6`,`stat_type7`,`stat_value7`,`stat_type8`,`stat_value8`,`stat_type9`,`stat_value9`,`stat_type10`,`stat_value10`,`dmg_min1`,`dmg_max1`,`dmg_type1`,`dmg_min2`,`dmg_max2`,`dmg_type2`,`dmg_min3`,`dmg_max3`,`dmg_type3`,`dmg_min4`,`dmg_max4`,`dmg_type4`,`dmg_min5`,`dmg_max5`,`dmg_type5`,`armor`,`holy_res`,`fire_res`,`nature_res`,`frost_res`,`shadow_res`,`arcane_res`,`delay`,`ammo_type`,`range`,`spellid_1`,`spelltrigger_1`,`spellcharges_1`,`spellcooldown_1`,`spellcategory_1`,`spellcategorycooldown_1`,`spellid_2`,`spelltrigger_2`,`spellcharges_2`,`spellcooldown_2`,`spellcategory_2`,`spellcategorycooldown_2`,`spellid_3`,`spelltrigger_3`,`spellcharges_3`,`spellcooldown_3`,`spellcategory_3`,`spellcategorycooldown_3`,`spellid_4`,`spelltrigger_4`,`spellcharges_4`,`spellcooldown_4`,`spellcategory_4`,`spellcategorycooldown_4`,`spellid_5`,`spelltrigger_5`,`spellcharges_5`,`spellcooldown_5`,`spellcategory_5`,`spellcategorycooldown_5`,`bonding`,`description`,`page_id`,`page_language`,`page_material`,`quest_id`,`lock_id`,`lock_material`,`sheathID`,`randomprop`,`unk203_1`,`block`,`itemset`,`MaxDurability`,`ZoneNameID`,`mapid`,`bagfamily`,`TotemCategory`,`socket_color_1`,`unk201_3`,`socket_color_2`,`unk201_5`,`socket_color_3`,`unk201_7`,`socket_bonus`,`GemProperties`,`ReqDisenchantSkill`,`unk2`) VALUES ('22805','2','4','-1','D gear','','','','35247','6','0','0','0','13','-1','-1','0','0','0','0','0','0','0','0','66','1','0','0','5','1','20','3','10','4','10','5','10','6','10','7','10','11','20','31','20','37','0','150','300','0','10','20','1','10','20','5','10','20','2','10','20','4','50','10','10','10','10','10','10','4000','0','0','0','0','0','0','0','0','0','0','0','0','0','0','0','0','0','0','0','0','0','0','0','0','0','0','0','0','0','0','0','0','1','It\'s free. Take it while you can','0','0','0','0','0','0','3','0','0','5','0','0','0','','0','','1','0','2','0','4','0','0','','-1','0');
#axe
replace INTO items (`entry`,`class`,`subclass`,`field4`,`name1`,`name2`,`name3`,`name4`,`displayid`,`quality`,`flags`,`buyprice`,`sellprice`,`inventorytype`,`allowableclass`,`allowablerace`,`itemlevel`,`requiredlevel`,`RequiredSkill`,`RequiredSkillRank`,`RequiredPlayerRank1`,`RequiredPlayerRank2`,`RequiredFaction`,`RequiredFactionStanding`,`Unique`,`maxcount`,`ContainerSlots`,`stat_type1`,`stat_value1`,`stat_type2`,`stat_value2`,`stat_type3`,`stat_value3`,`stat_type4`,`stat_value4`,`stat_type5`,`stat_value5`,`stat_type6`,`stat_value6`,`stat_type7`,`stat_value7`,`stat_type8`,`stat_value8`,`stat_type9`,`stat_value9`,`stat_type10`,`stat_value10`,`dmg_min1`,`dmg_max1`,`dmg_type1`,`dmg_min2`,`dmg_max2`,`dmg_type2`,`dmg_min3`,`dmg_max3`,`dmg_type3`,`dmg_min4`,`dmg_max4`,`dmg_type4`,`dmg_min5`,`dmg_max5`,`dmg_type5`,`armor`,`holy_res`,`fire_res`,`nature_res`,`frost_res`,`shadow_res`,`arcane_res`,`delay`,`ammo_type`,`range`,`spellid_1`,`spelltrigger_1`,`spellcharges_1`,`spellcooldown_1`,`spellcategory_1`,`spellcategorycooldown_1`,`spellid_2`,`spelltrigger_2`,`spellcharges_2`,`spellcooldown_2`,`spellcategory_2`,`spellcategorycooldown_2`,`spellid_3`,`spelltrigger_3`,`spellcharges_3`,`spellcooldown_3`,`spellcategory_3`,`spellcategorycooldown_3`,`spellid_4`,`spelltrigger_4`,`spellcharges_4`,`spellcooldown_4`,`spellcategory_4`,`spellcategorycooldown_4`,`spellid_5`,`spelltrigger_5`,`spellcharges_5`,`spellcooldown_5`,`spellcategory_5`,`spellcategorycooldown_5`,`bonding`,`description`,`page_id`,`page_language`,`page_material`,`quest_id`,`lock_id`,`lock_material`,`sheathID`,`randomprop`,`unk203_1`,`block`,`itemset`,`MaxDurability`,`ZoneNameID`,`mapid`,`bagfamily`,`TotemCategory`,`socket_color_1`,`unk201_3`,`socket_color_2`,`unk201_5`,`socket_color_3`,`unk201_7`,`socket_bonus`,`GemProperties`,`ReqDisenchantSkill`,`unk2`) VALUES ('23741','2','0','-1','D gear','','','','35247','6','0','0','0','13','-1','-1','0','0','0','0','0','0','0','0','66','1','0','0','5','1','20','3','10','4','10','5','10','6','10','7','10','11','20','0','0','0','0','150','300','0','10','20','1','10','20','5','10','20','2','10','20','4','50','10','10','10','10','10','10','4000','0','0','0','0','0','0','0','0','0','0','0','0','0','0','0','0','0','0','0','0','0','0','0','0','0','0','0','0','0','0','0','0','1','It\'s free. Take it while you can','0','0','0','0','0','0','3','0','0','5','0','0','0','','0','','1','0','2','0','4','0','0','','-1','0');
#dagger
replace INTO items (`entry`,`class`,`subclass`,`field4`,`name1`,`name2`,`name3`,`name4`,`displayid`,`quality`,`flags`,`buyprice`,`sellprice`,`inventorytype`,`allowableclass`,`allowablerace`,`itemlevel`,`requiredlevel`,`RequiredSkill`,`RequiredSkillRank`,`RequiredPlayerRank1`,`RequiredPlayerRank2`,`RequiredFaction`,`RequiredFactionStanding`,`Unique`,`maxcount`,`ContainerSlots`,`stat_type1`,`stat_value1`,`stat_type2`,`stat_value2`,`stat_type3`,`stat_value3`,`stat_type4`,`stat_value4`,`stat_type5`,`stat_value5`,`stat_type6`,`stat_value6`,`stat_type7`,`stat_value7`,`stat_type8`,`stat_value8`,`stat_type9`,`stat_value9`,`stat_type10`,`stat_value10`,`dmg_min1`,`dmg_max1`,`dmg_type1`,`dmg_min2`,`dmg_max2`,`dmg_type2`,`dmg_min3`,`dmg_max3`,`dmg_type3`,`dmg_min4`,`dmg_max4`,`dmg_type4`,`dmg_min5`,`dmg_max5`,`dmg_type5`,`armor`,`holy_res`,`fire_res`,`nature_res`,`frost_res`,`shadow_res`,`arcane_res`,`delay`,`ammo_type`,`range`,`spellid_1`,`spelltrigger_1`,`spellcharges_1`,`spellcooldown_1`,`spellcategory_1`,`spellcategorycooldown_1`,`spellid_2`,`spelltrigger_2`,`spellcharges_2`,`spellcooldown_2`,`spellcategory_2`,`spellcategorycooldown_2`,`spellid_3`,`spelltrigger_3`,`spellcharges_3`,`spellcooldown_3`,`spellcategory_3`,`spellcategorycooldown_3`,`spellid_4`,`spelltrigger_4`,`spellcharges_4`,`spellcooldown_4`,`spellcategory_4`,`spellcategorycooldown_4`,`spellid_5`,`spelltrigger_5`,`spellcharges_5`,`spellcooldown_5`,`spellcategory_5`,`spellcategorycooldown_5`,`bonding`,`description`,`page_id`,`page_language`,`page_material`,`quest_id`,`lock_id`,`lock_material`,`sheathID`,`randomprop`,`unk203_1`,`block`,`itemset`,`MaxDurability`,`ZoneNameID`,`mapid`,`bagfamily`,`TotemCategory`,`socket_color_1`,`unk201_3`,`socket_color_2`,`unk201_5`,`socket_color_3`,`unk201_7`,`socket_bonus`,`GemProperties`,`ReqDisenchantSkill`,`unk2`) VALUES ('23743','2','15','-1','D gear','','','','35247','6','0','0','0','13','-1','-1','0','0','0','0','0','0','0','0','66','1','0','0','5','1','20','3','10','4','10','5','10','6','10','7','10','11','20','0','0','0','0','150','300','0','10','20','1','10','20','5','10','20','2','10','20','4','50','10','10','10','10','10','10','4000','0','0','0','0','0','0','0','0','0','0','0','0','0','0','0','0','0','0','0','0','0','0','0','0','0','0','0','0','0','0','0','0','1','It\'s free. Take it while you can','0','0','0','0','0','0','3','0','0','5','0','0','0','','0','','1','0','2','0','4','0','0','','-1','0');
#staff
replace INTO items (`entry`,`class`,`subclass`,`field4`,`name1`,`name2`,`name3`,`name4`,`displayid`,`quality`,`flags`,`buyprice`,`sellprice`,`inventorytype`,`allowableclass`,`allowablerace`,`itemlevel`,`requiredlevel`,`RequiredSkill`,`RequiredSkillRank`,`RequiredPlayerRank1`,`RequiredPlayerRank2`,`RequiredFaction`,`RequiredFactionStanding`,`Unique`,`maxcount`,`ContainerSlots`,`stat_type1`,`stat_value1`,`stat_type2`,`stat_value2`,`stat_type3`,`stat_value3`,`stat_type4`,`stat_value4`,`stat_type5`,`stat_value5`,`stat_type6`,`stat_value6`,`stat_type7`,`stat_value7`,`stat_type8`,`stat_value8`,`stat_type9`,`stat_value9`,`stat_type10`,`stat_value10`,`dmg_min1`,`dmg_max1`,`dmg_type1`,`dmg_min2`,`dmg_max2`,`dmg_type2`,`dmg_min3`,`dmg_max3`,`dmg_type3`,`dmg_min4`,`dmg_max4`,`dmg_type4`,`dmg_min5`,`dmg_max5`,`dmg_type5`,`armor`,`holy_res`,`fire_res`,`nature_res`,`frost_res`,`shadow_res`,`arcane_res`,`delay`,`ammo_type`,`range`,`spellid_1`,`spelltrigger_1`,`spellcharges_1`,`spellcooldown_1`,`spellcategory_1`,`spellcategorycooldown_1`,`spellid_2`,`spelltrigger_2`,`spellcharges_2`,`spellcooldown_2`,`spellcategory_2`,`spellcategorycooldown_2`,`spellid_3`,`spelltrigger_3`,`spellcharges_3`,`spellcooldown_3`,`spellcategory_3`,`spellcategorycooldown_3`,`spellid_4`,`spelltrigger_4`,`spellcharges_4`,`spellcooldown_4`,`spellcategory_4`,`spellcategorycooldown_4`,`spellid_5`,`spelltrigger_5`,`spellcharges_5`,`spellcooldown_5`,`spellcategory_5`,`spellcategorycooldown_5`,`bonding`,`description`,`page_id`,`page_language`,`page_material`,`quest_id`,`lock_id`,`lock_material`,`sheathID`,`randomprop`,`unk203_1`,`block`,`itemset`,`MaxDurability`,`ZoneNameID`,`mapid`,`bagfamily`,`TotemCategory`,`socket_color_1`,`unk201_3`,`socket_color_2`,`unk201_5`,`socket_color_3`,`unk201_7`,`socket_bonus`,`GemProperties`,`ReqDisenchantSkill`,`unk2`) VALUES ('13338','2','10','-1','D gear','','','','21513','6','0','0','0','13','-1','-1','0','0','0','0','0','0','0','0','66','1','0','0','5','1','20','3','10','4','10','5','10','6','10','7','10','11','20','0','0','0','0','150','300','0','10','20','1','10','20','5','10','20','2','10','20','4','50','10','10','10','10','10','10','4000','0','0','0','0','0','0','0','0','0','0','0','0','0','0','0','0','0','0','0','0','0','0','0','0','0','0','0','0','0','0','0','0','1','It\'s free. Take it while you can','0','0','0','0','0','0','3','0','0','5','0','0','0','','0','','1','0','2','0','4','0','0','','-1','0');
#Server Colonizer
replace INTO items (`entry`,`class`,`subclass`,`field4`,`name1`,`name2`,`name3`,`name4`,`displayid`,`quality`,`flags`,`buyprice`,`sellprice`,`inventorytype`,`allowableclass`,`allowablerace`,`itemlevel`,`requiredlevel`,`RequiredSkill`,`RequiredSkillRank`,`RequiredPlayerRank1`,`RequiredPlayerRank2`,`RequiredFaction`,`RequiredFactionStanding`,`Unique`,`maxcount`,`ContainerSlots`,`stat_type1`,`stat_value1`,`stat_type2`,`stat_value2`,`stat_type3`,`stat_value3`,`stat_type4`,`stat_value4`,`stat_type5`,`stat_value5`,`stat_type6`,`stat_value6`,`stat_type7`,`stat_value7`,`stat_type8`,`stat_value8`,`stat_type9`,`stat_value9`,`stat_type10`,`stat_value10`,`dmg_min1`,`dmg_max1`,`dmg_type1`,`dmg_min2`,`dmg_max2`,`dmg_type2`,`armor`,`holy_res`,`fire_res`,`nature_res`,`frost_res`,`shadow_res`,`arcane_res`,`delay`,`ammo_type`,`range`,`spellid_1`,`spelltrigger_1`,`spellcharges_1`,`spellcooldown_1`,`spellcategory_1`,`spellcategorycooldown_1`,`spellid_2`,`spelltrigger_2`,`spellcharges_2`,`spellcooldown_2`,`spellcategory_2`,`spellcategorycooldown_2`,`spellid_3`,`spelltrigger_3`,`spellcharges_3`,`spellcooldown_3`,`spellcategory_3`,`spellcategorycooldown_3`,`spellid_4`,`spelltrigger_4`,`spellcharges_4`,`spellcooldown_4`,`spellcategory_4`,`spellcategorycooldown_4`,`spellid_5`,`spelltrigger_5`,`spellcharges_5`,`spellcooldown_5`,`spellcategory_5`,`spellcategorycooldown_5`,`bonding`,`description`,`page_id`,`page_language`,`page_material`,`quest_id`,`lock_id`,`lock_material`,`sheathID`,`randomprop`,`unk203_1`,`block`,`itemset`,`MaxDurability`,`ZoneNameID`,`mapid`,`bagfamily`,`TotemCategory`,`socket_color_1`,`unk201_3`,`socket_color_2`,`unk201_5`,`socket_color_3`,`unk201_7`,`socket_bonus`,`GemProperties`,`ReqDisenchantSkill`,`unk2`) VALUES ('27421','0','-1','-1','Server Colonizer','','','','992','6','0','100000','0','0','-1','-1','0','0','0','0','0','0','0','0','0','500','0','0','0','0','0','0','0','0','0','0','0','0','0','0','0','0','0','0','0','0','0','0','0','0','0','0','0','0','0','0','0','0','0','0','0','0','0','41616','0','-1','0','0','0','0','0','0','0','0','0','0','0','0','0','0','0','0','0','0','0','0','0','0','0','0','0','0','0','1','|cffff00ffUse : Tired to level your char on this realm too? Want to continue where you left off on some other realm? 1 cast = 1 levelup.','0','0','0','0','0','0','0','0','0','0','0','0','0','','0','','0','0','0','0','0','0','0','','-1','0');

replace INTO `playercreateinfo_items` (`indexid`, `protoid`, `slotid`, `amount`) VALUES('1','22805','28','1');
replace INTO `playercreateinfo_items` (`indexid`, `protoid`, `slotid`, `amount`) VALUES('1','23741','29','1');
replace INTO `playercreateinfo_items` (`indexid`, `protoid`, `slotid`, `amount`) VALUES('1','23743','30','1');
replace INTO `playercreateinfo_items` (`indexid`, `protoid`, `slotid`, `amount`) VALUES('1','13338','31','1');
replace INTO `playercreateinfo_items` (`indexid`, `protoid`, `slotid`, `amount`) VALUES('1','27421','32','70');

replace INTO `playercreateinfo_items` (`indexid`, `protoid`, `slotid`, `amount`) VALUES('2','22805','28','1');
replace INTO `playercreateinfo_items` (`indexid`, `protoid`, `slotid`, `amount`) VALUES('2','23741','29','1');
replace INTO `playercreateinfo_items` (`indexid`, `protoid`, `slotid`, `amount`) VALUES('2','23743','30','1');
replace INTO `playercreateinfo_items` (`indexid`, `protoid`, `slotid`, `amount`) VALUES('2','13338','31','1');
replace INTO `playercreateinfo_items` (`indexid`, `protoid`, `slotid`, `amount`) VALUES('2','27421','32','70');

replace INTO `playercreateinfo_items` (`indexid`, `protoid`, `slotid`, `amount`) VALUES('3','22805','28','1');
replace INTO `playercreateinfo_items` (`indexid`, `protoid`, `slotid`, `amount`) VALUES('3','23741','29','1');
replace INTO `playercreateinfo_items` (`indexid`, `protoid`, `slotid`, `amount`) VALUES('3','23743','30','1');
replace INTO `playercreateinfo_items` (`indexid`, `protoid`, `slotid`, `amount`) VALUES('3','13338','31','1');
replace INTO `playercreateinfo_items` (`indexid`, `protoid`, `slotid`, `amount`) VALUES('3','27421','32','70');

replace INTO `playercreateinfo_items` (`indexid`, `protoid`, `slotid`, `amount`) VALUES('4','22805','28','1');
replace INTO `playercreateinfo_items` (`indexid`, `protoid`, `slotid`, `amount`) VALUES('4','23741','29','1');
replace INTO `playercreateinfo_items` (`indexid`, `protoid`, `slotid`, `amount`) VALUES('4','23743','30','1');
replace INTO `playercreateinfo_items` (`indexid`, `protoid`, `slotid`, `amount`) VALUES('4','23743','30','1');
replace INTO `playercreateinfo_items` (`indexid`, `protoid`, `slotid`, `amount`) VALUES('4','27421','32','70');

replace INTO `playercreateinfo_items` (`indexid`, `protoid`, `slotid`, `amount`) VALUES('5','22805','28','1');
replace INTO `playercreateinfo_items` (`indexid`, `protoid`, `slotid`, `amount`) VALUES('5','23741','29','1');
replace INTO `playercreateinfo_items` (`indexid`, `protoid`, `slotid`, `amount`) VALUES('5','23743','30','1');
replace INTO `playercreateinfo_items` (`indexid`, `protoid`, `slotid`, `amount`) VALUES('5','13338','31','1');
replace INTO `playercreateinfo_items` (`indexid`, `protoid`, `slotid`, `amount`) VALUES('5','27421','32','70');

replace INTO `playercreateinfo_items` (`indexid`, `protoid`, `slotid`, `amount`) VALUES('6','22805','28','1');
replace INTO `playercreateinfo_items` (`indexid`, `protoid`, `slotid`, `amount`) VALUES('6','23741','29','1');
replace INTO `playercreateinfo_items` (`indexid`, `protoid`, `slotid`, `amount`) VALUES('6','23743','30','1');
replace INTO `playercreateinfo_items` (`indexid`, `protoid`, `slotid`, `amount`) VALUES('6','13338','31','1');
replace INTO `playercreateinfo_items` (`indexid`, `protoid`, `slotid`, `amount`) VALUES('6','27421','32','70');

replace INTO `playercreateinfo_items` (`indexid`, `protoid`, `slotid`, `amount`) VALUES('7','22805','28','1');
replace INTO `playercreateinfo_items` (`indexid`, `protoid`, `slotid`, `amount`) VALUES('7','23741','29','1');
replace INTO `playercreateinfo_items` (`indexid`, `protoid`, `slotid`, `amount`) VALUES('7','23743','30','1');
replace INTO `playercreateinfo_items` (`indexid`, `protoid`, `slotid`, `amount`) VALUES('7','13338','31','1');
replace INTO `playercreateinfo_items` (`indexid`, `protoid`, `slotid`, `amount`) VALUES('7','27421','32','70');

replace INTO `playercreateinfo_items` (`indexid`, `protoid`, `slotid`, `amount`) VALUES('8','22805','28','1');
replace INTO `playercreateinfo_items` (`indexid`, `protoid`, `slotid`, `amount`) VALUES('8','23741','29','1');
replace INTO `playercreateinfo_items` (`indexid`, `protoid`, `slotid`, `amount`) VALUES('8','23743','30','1');
replace INTO `playercreateinfo_items` (`indexid`, `protoid`, `slotid`, `amount`) VALUES('8','13338','31','1');
replace INTO `playercreateinfo_items` (`indexid`, `protoid`, `slotid`, `amount`) VALUES('8','27421','32','70');

replace INTO `playercreateinfo_items` (`indexid`, `protoid`, `slotid`, `amount`) VALUES('9','22805','28','1');
replace INTO `playercreateinfo_items` (`indexid`, `protoid`, `slotid`, `amount`) VALUES('9','23741','29','1');
replace INTO `playercreateinfo_items` (`indexid`, `protoid`, `slotid`, `amount`) VALUES('9','23743','30','1');
replace INTO `playercreateinfo_items` (`indexid`, `protoid`, `slotid`, `amount`) VALUES('9','13338','31','1');
replace INTO `playercreateinfo_items` (`indexid`, `protoid`, `slotid`, `amount`) VALUES('9','27421','32','70');

replace INTO `playercreateinfo_items` (`indexid`, `protoid`, `slotid`, `amount`) VALUES('10','22805','28','1');
replace INTO `playercreateinfo_items` (`indexid`, `protoid`, `slotid`, `amount`) VALUES('10','23741','29','1');
replace INTO `playercreateinfo_items` (`indexid`, `protoid`, `slotid`, `amount`) VALUES('10','23743','30','1');
replace INTO `playercreateinfo_items` (`indexid`, `protoid`, `slotid`, `amount`) VALUES('10','13338','31','1');
replace INTO `playercreateinfo_items` (`indexid`, `protoid`, `slotid`, `amount`) VALUES('10','27421','32','70');

replace INTO `playercreateinfo_items` (`indexid`, `protoid`, `slotid`, `amount`) VALUES('11','22805','28','1');
replace INTO `playercreateinfo_items` (`indexid`, `protoid`, `slotid`, `amount`) VALUES('11','23741','29','1');
replace INTO `playercreateinfo_items` (`indexid`, `protoid`, `slotid`, `amount`) VALUES('11','23743','30','1');
replace INTO `playercreateinfo_items` (`indexid`, `protoid`, `slotid`, `amount`) VALUES('11','13338','31','1');
replace INTO `playercreateinfo_items` (`indexid`, `protoid`, `slotid`, `amount`) VALUES('11','27421','32','70');

replace INTO `playercreateinfo_items` (`indexid`, `protoid`, `slotid`, `amount`) VALUES('12','22805','28','1');
replace INTO `playercreateinfo_items` (`indexid`, `protoid`, `slotid`, `amount`) VALUES('12','23741','29','1');
replace INTO `playercreateinfo_items` (`indexid`, `protoid`, `slotid`, `amount`) VALUES('12','23743','30','1');
replace INTO `playercreateinfo_items` (`indexid`, `protoid`, `slotid`, `amount`) VALUES('12','13338','31','1');
replace INTO `playercreateinfo_items` (`indexid`, `protoid`, `slotid`, `amount`) VALUES('12','27421','32','70');

replace INTO `playercreateinfo_items` (`indexid`, `protoid`, `slotid`, `amount`) VALUES('13','22805','28','1');
replace INTO `playercreateinfo_items` (`indexid`, `protoid`, `slotid`, `amount`) VALUES('13','23741','29','1');
replace INTO `playercreateinfo_items` (`indexid`, `protoid`, `slotid`, `amount`) VALUES('13','23743','30','1');
replace INTO `playercreateinfo_items` (`indexid`, `protoid`, `slotid`, `amount`) VALUES('13','13338','31','1');
replace INTO `playercreateinfo_items` (`indexid`, `protoid`, `slotid`, `amount`) VALUES('13','27421','32','70');

replace INTO `playercreateinfo_items` (`indexid`, `protoid`, `slotid`, `amount`) VALUES('14','22805','28','1');
replace INTO `playercreateinfo_items` (`indexid`, `protoid`, `slotid`, `amount`) VALUES('14','23741','29','1');
replace INTO `playercreateinfo_items` (`indexid`, `protoid`, `slotid`, `amount`) VALUES('14','23743','30','1');
replace INTO `playercreateinfo_items` (`indexid`, `protoid`, `slotid`, `amount`) VALUES('14','13338','31','1');
replace INTO `playercreateinfo_items` (`indexid`, `protoid`, `slotid`, `amount`) VALUES('14','27421','32','70');

replace INTO `playercreateinfo_items` (`indexid`, `protoid`, `slotid`, `amount`) VALUES('15','22805','28','1');
replace INTO `playercreateinfo_items` (`indexid`, `protoid`, `slotid`, `amount`) VALUES('15','23741','29','1');
replace INTO `playercreateinfo_items` (`indexid`, `protoid`, `slotid`, `amount`) VALUES('15','23743','30','1');
replace INTO `playercreateinfo_items` (`indexid`, `protoid`, `slotid`, `amount`) VALUES('15','13338','31','1');
replace INTO `playercreateinfo_items` (`indexid`, `protoid`, `slotid`, `amount`) VALUES('15','27421','32','70');

replace INTO `playercreateinfo_items` (`indexid`, `protoid`, `slotid`, `amount`) VALUES('16','22805','28','1');
replace INTO `playercreateinfo_items` (`indexid`, `protoid`, `slotid`, `amount`) VALUES('16','23741','29','1');
replace INTO `playercreateinfo_items` (`indexid`, `protoid`, `slotid`, `amount`) VALUES('16','23743','30','1');
replace INTO `playercreateinfo_items` (`indexid`, `protoid`, `slotid`, `amount`) VALUES('16','13338','31','1');
replace INTO `playercreateinfo_items` (`indexid`, `protoid`, `slotid`, `amount`) VALUES('16','27421','32','70');

replace INTO `playercreateinfo_items` (`indexid`, `protoid`, `slotid`, `amount`) VALUES('17','22805','28','1');
replace INTO `playercreateinfo_items` (`indexid`, `protoid`, `slotid`, `amount`) VALUES('17','23741','29','1');
replace INTO `playercreateinfo_items` (`indexid`, `protoid`, `slotid`, `amount`) VALUES('17','23743','30','1');
replace INTO `playercreateinfo_items` (`indexid`, `protoid`, `slotid`, `amount`) VALUES('17','13338','31','1');
replace INTO `playercreateinfo_items` (`indexid`, `protoid`, `slotid`, `amount`) VALUES('17','27421','32','70');

replace INTO `playercreateinfo_items` (`indexid`, `protoid`, `slotid`, `amount`) VALUES('18','22805','28','1');
replace INTO `playercreateinfo_items` (`indexid`, `protoid`, `slotid`, `amount`) VALUES('18','23741','29','1');
replace INTO `playercreateinfo_items` (`indexid`, `protoid`, `slotid`, `amount`) VALUES('18','23743','30','1');
replace INTO `playercreateinfo_items` (`indexid`, `protoid`, `slotid`, `amount`) VALUES('18','13338','31','1');
replace INTO `playercreateinfo_items` (`indexid`, `protoid`, `slotid`, `amount`) VALUES('18','27421','32','70');

replace INTO `playercreateinfo_items` (`indexid`, `protoid`, `slotid`, `amount`) VALUES('19','22805','28','1');
replace INTO `playercreateinfo_items` (`indexid`, `protoid`, `slotid`, `amount`) VALUES('19','23741','29','1');
replace INTO `playercreateinfo_items` (`indexid`, `protoid`, `slotid`, `amount`) VALUES('19','23743','30','1');
replace INTO `playercreateinfo_items` (`indexid`, `protoid`, `slotid`, `amount`) VALUES('19','13338','31','1');
replace INTO `playercreateinfo_items` (`indexid`, `protoid`, `slotid`, `amount`) VALUES('19','27421','32','70');

replace INTO `playercreateinfo_items` (`indexid`, `protoid`, `slotid`, `amount`) VALUES('20','22805','28','1');
replace INTO `playercreateinfo_items` (`indexid`, `protoid`, `slotid`, `amount`) VALUES('20','23741','29','1');
replace INTO `playercreateinfo_items` (`indexid`, `protoid`, `slotid`, `amount`) VALUES('20','23743','30','1');
replace INTO `playercreateinfo_items` (`indexid`, `protoid`, `slotid`, `amount`) VALUES('20','13338','31','1');
replace INTO `playercreateinfo_items` (`indexid`, `protoid`, `slotid`, `amount`) VALUES('20','27421','32','70');

replace INTO `playercreateinfo_items` (`indexid`, `protoid`, `slotid`, `amount`) VALUES('21','22805','28','1');
replace INTO `playercreateinfo_items` (`indexid`, `protoid`, `slotid`, `amount`) VALUES('21','23741','29','1');
replace INTO `playercreateinfo_items` (`indexid`, `protoid`, `slotid`, `amount`) VALUES('21','23743','30','1');
replace INTO `playercreateinfo_items` (`indexid`, `protoid`, `slotid`, `amount`) VALUES('21','13338','31','1');
replace INTO `playercreateinfo_items` (`indexid`, `protoid`, `slotid`, `amount`) VALUES('21','27421','32','70');

replace INTO `playercreateinfo_items` (`indexid`, `protoid`, `slotid`, `amount`) VALUES('22','22805','28','1');
replace INTO `playercreateinfo_items` (`indexid`, `protoid`, `slotid`, `amount`) VALUES('22','23741','29','1');
replace INTO `playercreateinfo_items` (`indexid`, `protoid`, `slotid`, `amount`) VALUES('22','23743','30','1');
replace INTO `playercreateinfo_items` (`indexid`, `protoid`, `slotid`, `amount`) VALUES('22','13338','31','1');
replace INTO `playercreateinfo_items` (`indexid`, `protoid`, `slotid`, `amount`) VALUES('22','27421','32','70');

replace INTO `playercreateinfo_items` (`indexid`, `protoid`, `slotid`, `amount`) VALUES('23','22805','28','1');
replace INTO `playercreateinfo_items` (`indexid`, `protoid`, `slotid`, `amount`) VALUES('23','23741','29','1');
replace INTO `playercreateinfo_items` (`indexid`, `protoid`, `slotid`, `amount`) VALUES('23','23743','30','1');
replace INTO `playercreateinfo_items` (`indexid`, `protoid`, `slotid`, `amount`) VALUES('23','13338','31','1');
replace INTO `playercreateinfo_items` (`indexid`, `protoid`, `slotid`, `amount`) VALUES('23','27421','32','70');

replace INTO `playercreateinfo_items` (`indexid`, `protoid`, `slotid`, `amount`) VALUES('24','22805','28','1');
replace INTO `playercreateinfo_items` (`indexid`, `protoid`, `slotid`, `amount`) VALUES('24','23741','29','1');
replace INTO `playercreateinfo_items` (`indexid`, `protoid`, `slotid`, `amount`) VALUES('24','23743','30','1');
replace INTO `playercreateinfo_items` (`indexid`, `protoid`, `slotid`, `amount`) VALUES('24','13338','31','1');
replace INTO `playercreateinfo_items` (`indexid`, `protoid`, `slotid`, `amount`) VALUES('24','27421','32','70');

replace INTO `playercreateinfo_items` (`indexid`, `protoid`, `slotid`, `amount`) VALUES('25','22805','28','1');
replace INTO `playercreateinfo_items` (`indexid`, `protoid`, `slotid`, `amount`) VALUES('25','23741','29','1');
replace INTO `playercreateinfo_items` (`indexid`, `protoid`, `slotid`, `amount`) VALUES('25','23743','30','1');
replace INTO `playercreateinfo_items` (`indexid`, `protoid`, `slotid`, `amount`) VALUES('25','13338','31','1');
replace INTO `playercreateinfo_items` (`indexid`, `protoid`, `slotid`, `amount`) VALUES('25','27421','32','70');

replace INTO `playercreateinfo_items` (`indexid`, `protoid`, `slotid`, `amount`) VALUES('26','22805','28','1');
replace INTO `playercreateinfo_items` (`indexid`, `protoid`, `slotid`, `amount`) VALUES('26','23741','29','1');
replace INTO `playercreateinfo_items` (`indexid`, `protoid`, `slotid`, `amount`) VALUES('26','23743','30','1');
replace INTO `playercreateinfo_items` (`indexid`, `protoid`, `slotid`, `amount`) VALUES('26','13338','31','1');
replace INTO `playercreateinfo_items` (`indexid`, `protoid`, `slotid`, `amount`) VALUES('26','27421','32','70');

replace INTO `playercreateinfo_items` (`indexid`, `protoid`, `slotid`, `amount`) VALUES('27','22805','28','1');
replace INTO `playercreateinfo_items` (`indexid`, `protoid`, `slotid`, `amount`) VALUES('27','23741','29','1');
replace INTO `playercreateinfo_items` (`indexid`, `protoid`, `slotid`, `amount`) VALUES('27','23743','30','1');
replace INTO `playercreateinfo_items` (`indexid`, `protoid`, `slotid`, `amount`) VALUES('27','13338','31','1');
replace INTO `playercreateinfo_items` (`indexid`, `protoid`, `slotid`, `amount`) VALUES('27','27421','32','70');

replace INTO `playercreateinfo_items` (`indexid`, `protoid`, `slotid`, `amount`) VALUES('28','22805','28','1');
replace INTO `playercreateinfo_items` (`indexid`, `protoid`, `slotid`, `amount`) VALUES('28','23741','29','1');
replace INTO `playercreateinfo_items` (`indexid`, `protoid`, `slotid`, `amount`) VALUES('28','23743','30','1');
replace INTO `playercreateinfo_items` (`indexid`, `protoid`, `slotid`, `amount`) VALUES('28','13338','31','1');
replace INTO `playercreateinfo_items` (`indexid`, `protoid`, `slotid`, `amount`) VALUES('28','27421','32','70');

replace INTO `playercreateinfo_items` (`indexid`, `protoid`, `slotid`, `amount`) VALUES('29','22805','28','1');
replace INTO `playercreateinfo_items` (`indexid`, `protoid`, `slotid`, `amount`) VALUES('29','23741','29','1');
replace INTO `playercreateinfo_items` (`indexid`, `protoid`, `slotid`, `amount`) VALUES('29','23743','30','1');
replace INTO `playercreateinfo_items` (`indexid`, `protoid`, `slotid`, `amount`) VALUES('29','13338','31','1');
replace INTO `playercreateinfo_items` (`indexid`, `protoid`, `slotid`, `amount`) VALUES('29','27421','32','70');

replace INTO `playercreateinfo_items` (`indexid`, `protoid`, `slotid`, `amount`) VALUES('30','22805','28','1');
replace INTO `playercreateinfo_items` (`indexid`, `protoid`, `slotid`, `amount`) VALUES('30','23741','29','1');
replace INTO `playercreateinfo_items` (`indexid`, `protoid`, `slotid`, `amount`) VALUES('30','23743','30','1');
replace INTO `playercreateinfo_items` (`indexid`, `protoid`, `slotid`, `amount`) VALUES('30','13338','31','1');
replace INTO `playercreateinfo_items` (`indexid`, `protoid`, `slotid`, `amount`) VALUES('30','27421','32','70');

replace INTO `playercreateinfo_items` (`indexid`, `protoid`, `slotid`, `amount`) VALUES('31','22805','28','1');
replace INTO `playercreateinfo_items` (`indexid`, `protoid`, `slotid`, `amount`) VALUES('31','23741','29','1');
replace INTO `playercreateinfo_items` (`indexid`, `protoid`, `slotid`, `amount`) VALUES('31','23743','30','1');
replace INTO `playercreateinfo_items` (`indexid`, `protoid`, `slotid`, `amount`) VALUES('31','13338','31','1');
replace INTO `playercreateinfo_items` (`indexid`, `protoid`, `slotid`, `amount`) VALUES('31','27421','32','70');

replace INTO `playercreateinfo_items` (`indexid`, `protoid`, `slotid`, `amount`) VALUES('32','22805','28','1');
replace INTO `playercreateinfo_items` (`indexid`, `protoid`, `slotid`, `amount`) VALUES('32','23741','29','1');
replace INTO `playercreateinfo_items` (`indexid`, `protoid`, `slotid`, `amount`) VALUES('32','23743','30','1');
replace INTO `playercreateinfo_items` (`indexid`, `protoid`, `slotid`, `amount`) VALUES('32','13338','31','1');
replace INTO `playercreateinfo_items` (`indexid`, `protoid`, `slotid`, `amount`) VALUES('32','27421','32','70');

replace INTO `playercreateinfo_items` (`indexid`, `protoid`, `slotid`, `amount`) VALUES('34','22805','28','1');
replace INTO `playercreateinfo_items` (`indexid`, `protoid`, `slotid`, `amount`) VALUES('34','23741','29','1');
replace INTO `playercreateinfo_items` (`indexid`, `protoid`, `slotid`, `amount`) VALUES('34','23743','30','1');
replace INTO `playercreateinfo_items` (`indexid`, `protoid`, `slotid`, `amount`) VALUES('34','13338','31','1');
replace INTO `playercreateinfo_items` (`indexid`, `protoid`, `slotid`, `amount`) VALUES('34','27421','32','70');

replace INTO `playercreateinfo_items` (`indexid`, `protoid`, `slotid`, `amount`) VALUES('35','22805','28','1');
replace INTO `playercreateinfo_items` (`indexid`, `protoid`, `slotid`, `amount`) VALUES('35','23741','29','1');
replace INTO `playercreateinfo_items` (`indexid`, `protoid`, `slotid`, `amount`) VALUES('35','23743','30','1');
replace INTO `playercreateinfo_items` (`indexid`, `protoid`, `slotid`, `amount`) VALUES('35','13338','31','1');
replace INTO `playercreateinfo_items` (`indexid`, `protoid`, `slotid`, `amount`) VALUES('35','27421','32','70');

replace INTO `playercreateinfo_items` (`indexid`, `protoid`, `slotid`, `amount`) VALUES('36','22805','28','1');
replace INTO `playercreateinfo_items` (`indexid`, `protoid`, `slotid`, `amount`) VALUES('36','23741','29','1');
replace INTO `playercreateinfo_items` (`indexid`, `protoid`, `slotid`, `amount`) VALUES('36','23743','30','1');
replace INTO `playercreateinfo_items` (`indexid`, `protoid`, `slotid`, `amount`) VALUES('36','13338','31','1');
replace INTO `playercreateinfo_items` (`indexid`, `protoid`, `slotid`, `amount`) VALUES('36','27421','32','70');

replace INTO `playercreateinfo_items` (`indexid`, `protoid`, `slotid`, `amount`) VALUES('37','22805','28','1');
replace INTO `playercreateinfo_items` (`indexid`, `protoid`, `slotid`, `amount`) VALUES('37','23741','29','1');
replace INTO `playercreateinfo_items` (`indexid`, `protoid`, `slotid`, `amount`) VALUES('37','23743','30','1');
replace INTO `playercreateinfo_items` (`indexid`, `protoid`, `slotid`, `amount`) VALUES('37','13338','31','1');
replace INTO `playercreateinfo_items` (`indexid`, `protoid`, `slotid`, `amount`) VALUES('37','27421','32','70');

replace INTO `playercreateinfo_items` (`indexid`, `protoid`, `slotid`, `amount`) VALUES('38','22805','28','1');
replace INTO `playercreateinfo_items` (`indexid`, `protoid`, `slotid`, `amount`) VALUES('38','23741','29','1');
replace INTO `playercreateinfo_items` (`indexid`, `protoid`, `slotid`, `amount`) VALUES('38','23743','30','1');
replace INTO `playercreateinfo_items` (`indexid`, `protoid`, `slotid`, `amount`) VALUES('38','13338','31','1');
replace INTO `playercreateinfo_items` (`indexid`, `protoid`, `slotid`, `amount`) VALUES('38','27421','32','70');

replace INTO `playercreateinfo_items` (`indexid`, `protoid`, `slotid`, `amount`) VALUES('39','22805','28','1');
replace INTO `playercreateinfo_items` (`indexid`, `protoid`, `slotid`, `amount`) VALUES('39','23741','29','1');
replace INTO `playercreateinfo_items` (`indexid`, `protoid`, `slotid`, `amount`) VALUES('39','23743','30','1');
replace INTO `playercreateinfo_items` (`indexid`, `protoid`, `slotid`, `amount`) VALUES('39','13338','31','1');
replace INTO `playercreateinfo_items` (`indexid`, `protoid`, `slotid`, `amount`) VALUES('39','27421','32','70');

replace INTO `playercreateinfo_items` (`indexid`, `protoid`, `slotid`, `amount`) VALUES('40','22805','28','1');
replace INTO `playercreateinfo_items` (`indexid`, `protoid`, `slotid`, `amount`) VALUES('40','23741','29','1');
replace INTO `playercreateinfo_items` (`indexid`, `protoid`, `slotid`, `amount`) VALUES('40','23743','30','1');
replace INTO `playercreateinfo_items` (`indexid`, `protoid`, `slotid`, `amount`) VALUES('40','13338','31','1');
replace INTO `playercreateinfo_items` (`indexid`, `protoid`, `slotid`, `amount`) VALUES('40','27421','32','70');

replace INTO `playercreateinfo_items` (`indexid`, `protoid`, `slotid`, `amount`) VALUES('41','22805','28','1');
replace INTO `playercreateinfo_items` (`indexid`, `protoid`, `slotid`, `amount`) VALUES('41','23741','29','1');
replace INTO `playercreateinfo_items` (`indexid`, `protoid`, `slotid`, `amount`) VALUES('41','23743','30','1');
replace INTO `playercreateinfo_items` (`indexid`, `protoid`, `slotid`, `amount`) VALUES('41','13338','31','1');
replace INTO `playercreateinfo_items` (`indexid`, `protoid`, `slotid`, `amount`) VALUES('41','27421','32','70');

replace INTO `playercreateinfo_items` (`indexid`, `protoid`, `slotid`, `amount`) VALUES('42','22805','28','1');
replace INTO `playercreateinfo_items` (`indexid`, `protoid`, `slotid`, `amount`) VALUES('42','23741','29','1');
replace INTO `playercreateinfo_items` (`indexid`, `protoid`, `slotid`, `amount`) VALUES('42','23743','30','1');
replace INTO `playercreateinfo_items` (`indexid`, `protoid`, `slotid`, `amount`) VALUES('42','13338','31','1');
replace INTO `playercreateinfo_items` (`indexid`, `protoid`, `slotid`, `amount`) VALUES('42','27421','32','70');

replace INTO `playercreateinfo_items` (`indexid`, `protoid`, `slotid`, `amount`) VALUES('43','22805','28','1');
replace INTO `playercreateinfo_items` (`indexid`, `protoid`, `slotid`, `amount`) VALUES('43','23741','29','1');
replace INTO `playercreateinfo_items` (`indexid`, `protoid`, `slotid`, `amount`) VALUES('43','23743','30','1');
replace INTO `playercreateinfo_items` (`indexid`, `protoid`, `slotid`, `amount`) VALUES('43','13338','31','1');
replace INTO `playercreateinfo_items` (`indexid`, `protoid`, `slotid`, `amount`) VALUES('43','27421','32','70');

replace INTO `playercreateinfo_items` (`indexid`, `protoid`, `slotid`, `amount`) VALUES('44','22805','28','1');
replace INTO `playercreateinfo_items` (`indexid`, `protoid`, `slotid`, `amount`) VALUES('44','23741','29','1');
replace INTO `playercreateinfo_items` (`indexid`, `protoid`, `slotid`, `amount`) VALUES('44','23743','30','1');
replace INTO `playercreateinfo_items` (`indexid`, `protoid`, `slotid`, `amount`) VALUES('44','13338','31','1');
replace INTO `playercreateinfo_items` (`indexid`, `protoid`, `slotid`, `amount`) VALUES('44','27421','32','70');

replace INTO `playercreateinfo_items` (`indexid`, `protoid`, `slotid`, `amount`) VALUES('45','22805','28','1');
replace INTO `playercreateinfo_items` (`indexid`, `protoid`, `slotid`, `amount`) VALUES('45','23741','29','1');
replace INTO `playercreateinfo_items` (`indexid`, `protoid`, `slotid`, `amount`) VALUES('45','23743','30','1');
replace INTO `playercreateinfo_items` (`indexid`, `protoid`, `slotid`, `amount`) VALUES('45','13338','31','1');
replace INTO `playercreateinfo_items` (`indexid`, `protoid`, `slotid`, `amount`) VALUES('45','27421','32','70');

replace INTO `playercreateinfo_items` (`indexid`, `protoid`, `slotid`, `amount`) VALUES('46','22805','28','1');
replace INTO `playercreateinfo_items` (`indexid`, `protoid`, `slotid`, `amount`) VALUES('46','23741','29','1');
replace INTO `playercreateinfo_items` (`indexid`, `protoid`, `slotid`, `amount`) VALUES('46','23743','30','1');
replace INTO `playercreateinfo_items` (`indexid`, `protoid`, `slotid`, `amount`) VALUES('46','13338','31','1');
replace INTO `playercreateinfo_items` (`indexid`, `protoid`, `slotid`, `amount`) VALUES('46','27421','32','70');

replace INTO `playercreateinfo_items` (`indexid`, `protoid`, `slotid`, `amount`) VALUES('47','22805','28','1');
replace INTO `playercreateinfo_items` (`indexid`, `protoid`, `slotid`, `amount`) VALUES('47','23741','29','1');
replace INTO `playercreateinfo_items` (`indexid`, `protoid`, `slotid`, `amount`) VALUES('47','23743','30','1');
replace INTO `playercreateinfo_items` (`indexid`, `protoid`, `slotid`, `amount`) VALUES('47','13338','31','1');
replace INTO `playercreateinfo_items` (`indexid`, `protoid`, `slotid`, `amount`) VALUES('47','27421','32','70');

replace INTO `playercreateinfo_items` (`indexid`, `protoid`, `slotid`, `amount`) VALUES('48','22805','28','1');
replace INTO `playercreateinfo_items` (`indexid`, `protoid`, `slotid`, `amount`) VALUES('48','23741','29','1');
replace INTO `playercreateinfo_items` (`indexid`, `protoid`, `slotid`, `amount`) VALUES('48','23743','30','1');
replace INTO `playercreateinfo_items` (`indexid`, `protoid`, `slotid`, `amount`) VALUES('48','13338','31','1');
replace INTO `playercreateinfo_items` (`indexid`, `protoid`, `slotid`, `amount`) VALUES('48','27421','32','70');

replace INTO `playercreateinfo_items` (`indexid`, `protoid`, `slotid`, `amount`) VALUES('49','22805','28','1');
replace INTO `playercreateinfo_items` (`indexid`, `protoid`, `slotid`, `amount`) VALUES('49','23741','29','1');
replace INTO `playercreateinfo_items` (`indexid`, `protoid`, `slotid`, `amount`) VALUES('49','23743','30','1');
replace INTO `playercreateinfo_items` (`indexid`, `protoid`, `slotid`, `amount`) VALUES('49','13338','31','1');
replace INTO `playercreateinfo_items` (`indexid`, `protoid`, `slotid`, `amount`) VALUES('49','27421','32','70');

replace INTO `playercreateinfo_items` (`indexid`, `protoid`, `slotid`, `amount`) VALUES('50','22805','28','1');
replace INTO `playercreateinfo_items` (`indexid`, `protoid`, `slotid`, `amount`) VALUES('50','23741','29','1');
replace INTO `playercreateinfo_items` (`indexid`, `protoid`, `slotid`, `amount`) VALUES('50','23743','30','1');
replace INTO `playercreateinfo_items` (`indexid`, `protoid`, `slotid`, `amount`) VALUES('50','13338','31','1');
replace INTO `playercreateinfo_items` (`indexid`, `protoid`, `slotid`, `amount`) VALUES('50','27421','32','70');

replace INTO `playercreateinfo_items` (`indexid`, `protoid`, `slotid`, `amount`) VALUES('51','22805','28','1');
replace INTO `playercreateinfo_items` (`indexid`, `protoid`, `slotid`, `amount`) VALUES('51','23741','29','1');
replace INTO `playercreateinfo_items` (`indexid`, `protoid`, `slotid`, `amount`) VALUES('51','23743','30','1');
replace INTO `playercreateinfo_items` (`indexid`, `protoid`, `slotid`, `amount`) VALUES('51','13338','31','1');
replace INTO `playercreateinfo_items` (`indexid`, `protoid`, `slotid`, `amount`) VALUES('51','27421','32','70');

replace INTO `playercreateinfo_items` (`indexid`, `protoid`, `slotid`, `amount`) VALUES('52','22805','28','1');
replace INTO `playercreateinfo_items` (`indexid`, `protoid`, `slotid`, `amount`) VALUES('52','23741','29','1');
replace INTO `playercreateinfo_items` (`indexid`, `protoid`, `slotid`, `amount`) VALUES('52','23743','30','1');
replace INTO `playercreateinfo_items` (`indexid`, `protoid`, `slotid`, `amount`) VALUES('52','13338','31','1');
replace INTO `playercreateinfo_items` (`indexid`, `protoid`, `slotid`, `amount`) VALUES('52','27421','32','70');

replace INTO `playercreateinfo_items` (`indexid`, `protoid`, `slotid`, `amount`) VALUES('53','22805','28','1');
replace INTO `playercreateinfo_items` (`indexid`, `protoid`, `slotid`, `amount`) VALUES('53','23741','29','1');
replace INTO `playercreateinfo_items` (`indexid`, `protoid`, `slotid`, `amount`) VALUES('53','23743','30','1');
replace INTO `playercreateinfo_items` (`indexid`, `protoid`, `slotid`, `amount`) VALUES('53','13338','31','1');
replace INTO `playercreateinfo_items` (`indexid`, `protoid`, `slotid`, `amount`) VALUES('53','27421','32','70');

replace INTO `playercreateinfo_items` (`indexid`, `protoid`, `slotid`, `amount`) VALUES('54','22805','28','1');
replace INTO `playercreateinfo_items` (`indexid`, `protoid`, `slotid`, `amount`) VALUES('54','23741','29','1');
replace INTO `playercreateinfo_items` (`indexid`, `protoid`, `slotid`, `amount`) VALUES('54','23743','30','1');
replace INTO `playercreateinfo_items` (`indexid`, `protoid`, `slotid`, `amount`) VALUES('54','13338','31','1');
replace INTO `playercreateinfo_items` (`indexid`, `protoid`, `slotid`, `amount`) VALUES('54','27421','32','70');

replace INTO `playercreateinfo_items` (`indexid`, `protoid`, `slotid`, `amount`) VALUES('55','22805','28','1');
replace INTO `playercreateinfo_items` (`indexid`, `protoid`, `slotid`, `amount`) VALUES('55','23741','29','1');
replace INTO `playercreateinfo_items` (`indexid`, `protoid`, `slotid`, `amount`) VALUES('55','23743','30','1');
replace INTO `playercreateinfo_items` (`indexid`, `protoid`, `slotid`, `amount`) VALUES('55','13338','31','1');
replace INTO `playercreateinfo_items` (`indexid`, `protoid`, `slotid`, `amount`) VALUES('55','27421','32','70');


#give them a standard mount

INSERT INTO playercreateinfo_spells (indexid, spellid) VALUES (1, 6897);
INSERT INTO playercreateinfo_spells (indexid, spellid) VALUES (2, 6897);
INSERT INTO playercreateinfo_spells (indexid, spellid) VALUES (3, 6897);
INSERT INTO playercreateinfo_spells (indexid, spellid) VALUES (4, 6897);
INSERT INTO playercreateinfo_spells (indexid, spellid) VALUES (5, 6897);
INSERT INTO playercreateinfo_spells (indexid, spellid) VALUES (6, 6897);
INSERT INTO playercreateinfo_spells (indexid, spellid) VALUES (7, 6897);
INSERT INTO playercreateinfo_spells (indexid, spellid) VALUES (8, 6897);
INSERT INTO playercreateinfo_spells (indexid, spellid) VALUES (9, 6897);
INSERT INTO playercreateinfo_spells (indexid, spellid) VALUES (10, 6897);
INSERT INTO playercreateinfo_spells (indexid, spellid) VALUES (11, 6897);
INSERT INTO playercreateinfo_spells (indexid, spellid) VALUES (12, 6897);
INSERT INTO playercreateinfo_spells (indexid, spellid) VALUES (13, 6897);
INSERT INTO playercreateinfo_spells (indexid, spellid) VALUES (14, 6897);
INSERT INTO playercreateinfo_spells (indexid, spellid) VALUES (15, 6897);
INSERT INTO playercreateinfo_spells (indexid, spellid) VALUES (16, 6897);
INSERT INTO playercreateinfo_spells (indexid, spellid) VALUES (17, 6897);
INSERT INTO playercreateinfo_spells (indexid, spellid) VALUES (18, 6897);
INSERT INTO playercreateinfo_spells (indexid, spellid) VALUES (19, 6897);
INSERT INTO playercreateinfo_spells (indexid, spellid) VALUES (20, 6897);
INSERT INTO playercreateinfo_spells (indexid, spellid) VALUES (21, 6897);
INSERT INTO playercreateinfo_spells (indexid, spellid) VALUES (22, 6897);
INSERT INTO playercreateinfo_spells (indexid, spellid) VALUES (23, 6897);
INSERT INTO playercreateinfo_spells (indexid, spellid) VALUES (24, 6897);
INSERT INTO playercreateinfo_spells (indexid, spellid) VALUES (25, 6897);
INSERT INTO playercreateinfo_spells (indexid, spellid) VALUES (26, 6897);
INSERT INTO playercreateinfo_spells (indexid, spellid) VALUES (27, 6897);
INSERT INTO playercreateinfo_spells (indexid, spellid) VALUES (28, 6897);
INSERT INTO playercreateinfo_spells (indexid, spellid) VALUES (29, 6897);
INSERT INTO playercreateinfo_spells (indexid, spellid) VALUES (30, 6897);
INSERT INTO playercreateinfo_spells (indexid, spellid) VALUES (31, 6897);
INSERT INTO playercreateinfo_spells (indexid, spellid) VALUES (32, 6897);
INSERT INTO playercreateinfo_spells (indexid, spellid) VALUES (33, 6897);
INSERT INTO playercreateinfo_spells (indexid, spellid) VALUES (34, 6897);
INSERT INTO playercreateinfo_spells (indexid, spellid) VALUES (35, 6897);
INSERT INTO playercreateinfo_spells (indexid, spellid) VALUES (36, 6897);
INSERT INTO playercreateinfo_spells (indexid, spellid) VALUES (37, 6897);
INSERT INTO playercreateinfo_spells (indexid, spellid) VALUES (38, 6897);
INSERT INTO playercreateinfo_spells (indexid, spellid) VALUES (39, 6897);
INSERT INTO playercreateinfo_spells (indexid, spellid) VALUES (40, 6897);
INSERT INTO playercreateinfo_spells (indexid, spellid) VALUES (41, 6897);
INSERT INTO playercreateinfo_spells (indexid, spellid) VALUES (42, 6897);
INSERT INTO playercreateinfo_spells (indexid, spellid) VALUES (43, 6897);
INSERT INTO playercreateinfo_spells (indexid, spellid) VALUES (44, 6897);
INSERT INTO playercreateinfo_spells (indexid, spellid) VALUES (45, 6897);
INSERT INTO playercreateinfo_spells (indexid, spellid) VALUES (46, 6897);
INSERT INTO playercreateinfo_spells (indexid, spellid) VALUES (47, 6897);
INSERT INTO playercreateinfo_spells (indexid, spellid) VALUES (48, 6897);
INSERT INTO playercreateinfo_spells (indexid, spellid) VALUES (49, 6897);
INSERT INTO playercreateinfo_spells (indexid, spellid) VALUES (50, 6897);
INSERT INTO playercreateinfo_spells (indexid, spellid) VALUES (51, 6897);
INSERT INTO playercreateinfo_spells (indexid, spellid) VALUES (52, 6897);
INSERT INTO playercreateinfo_spells (indexid, spellid) VALUES (53, 6897);
INSERT INTO playercreateinfo_spells (indexid, spellid) VALUES (54, 6897);
INSERT INTO playercreateinfo_spells (indexid, spellid) VALUES (55, 6897);
